id_cliente,nombre_cliente,direccion,comuna,tipo_cliente,fecha_alta_contrato
CL-00001,Margarita Daniela Mansilla Concha,Paola Padilla 1,Talcahuano,Residencial,2025-04-14
CL-00002,Florencia María Espinoza Yáñez,Calle Esmeralda 665 Of. 428,San Pedro de la Paz,Residencial,2019-01-23
CL-00003,Gonzalo Joaquín Espinoza Quezada,Calle Los Aromos 8437 Dpto. 94,Chiguayante,Residencial,2013-01-02
CL-00004,Millaray Hilda Jara Sepúlveda,Calle Las Manzanillas 8973 Piso 6,Hualpén,Residencial,2012-08-10
CL-00005,María Patricia Bastías Cerda,Av. Manuel Guajardo 30 Piso 36,Concepción,Residencial,2012-06-07
CL-00006,Lorena Bobadilla Vera,Sergio Romero 756,Concepción,Residencial,2023-12-20
CL-00007,Valeria Osses,Alexis Fernández 78,Concepción,Residencial,2024-11-07
CL-00008,María Araya Álvarez,Calle Ernesto Seguel 3472,San Pedro de la Paz,Residencial,2020-08-28
CL-00009,Juan Felipe Inostroza Riquelme,Los Robles 43 Of. 630,Hualpén,Residencial,2021-05-12
CL-00010,Pedro Byron Pacheco Cornejo,Manuel José Irarrázaval 61,Chiguayante,Residencial,2022-01-27
CL-00011,Carlos Vera Carrera,Psje. Luis Moreno 4626 Dpto. 8313,Concepción,Residencial,2024-08-23
CL-00012,Irma Garcés Carrillo,Avda. Picarte 2750 Dpto. 911,San Pedro de la Paz,Residencial,2025-03-24
CL-00013,Felipe Cristian Castillo Chamorro,Luisa Velásquez 7192,Chiguayante,Comercial,2022-08-24
CL-00014,Magdalena Paula Lorca Navarro,José Manuel Balmaceda 7182 Of. 9062,Concepción,Residencial,2023-06-14
CL-00015,Gabriel Cristian Acevedo Barahona,Psje. Thiare Torres 920,Concepción,Residencial,2014-04-26
CL-00016,Fabricio Jaime Soto Muñoz,Esmeralda 9321 Piso 0,Concepción,Residencial,2019-01-15
CL-00017,Elías Romero Díaz,Matías Zurita 1034,Concepción,Residencial,2017-10-03
CL-00018,Mauricio Villar-Duarte,Claudio Acuña 985 Of. 131,Talcahuano,Comercial,2016-01-30
CL-00019,Esteban Alvarado Vargas,Calle Jimena Espinoza 6839,Talcahuano,Residencial,2022-01-15
CL-00020,Paulina Jessica Villa Verdugo,Avda. Pablo Ramos 2267 Piso 6,Concepción,Comercial,2023-01-03
CL-00021,Jorge Brian Carmona Gómez,Avenida Francisco Bilbao 99,Hualpén,Residencial,2022-05-29
CL-00022,Carolina Solís Ortega,Caupolicán 7,Concepción,Comercial,2019-12-18
CL-00023,María Andrea González Ávalos,Psje. Manuel Rodríguez 7818 Dpto. 6351,Concepción,Residencial,2021-12-13
CL-00024,Fernanda Rojas,Calle Los Calafates 4,Talcahuano,Residencial,2019-09-12
CL-00025,María Ruiz,Avda. Bernardo O'Higgins 849 Dpto. 9285,Talcahuano,Residencial,2017-09-02
CL-00026,Luciano Silva Aravena,Calle Samuel Torres 98,Chiguayante,Residencial,2023-10-04
CL-00027,Abigail Katherine Castillo Ortega,Las Lilas 3082 Dpto. 1469,Concepción,Residencial,2020-03-10
CL-00028,Fernanda Nury Calderón Guzmán,Los Abedules 957 Piso 94,Talcahuano,Residencial,2019-01-25
CL-00029,Daniela Alejandra Quezada Araya,Avenida Los Piñones 66,Hualpén,Residencial,2023-10-09
CL-00030,César Francisco Lizana Espinosa,Calle Enrique Mac Iver 9014,Concepción,Residencial,2013-07-12
CL-00031,Álvaro Manuel López Piña,Psje. Gabriela Mistral 827 Of. 781,Hualpén,Residencial,2020-06-25
CL-00032,Denisse Michelle Flores Soto,Avda. Caupolicán 93,Concepción,Residencial,2015-10-10
CL-00033,Fernando Antonio Catalán Solar,Natalia Hernández 48,Concepción,Residencial,2022-06-06
CL-00034,Miguel Freddy Valenzuela Flores,Calle Camilo Henríquez 7,San Pedro de la Paz,Residencial,2015-04-12
CL-00035,Pedro Víctor Aros Parra,Colo Colo 6 Of. 2385,San Pedro de la Paz,Residencial,2017-07-04
CL-00036,María Dinamarca Ayala,Calle Los Cactus 79 Dpto. 848,Chiguayante,Residencial,2015-08-17
CL-00037,Nicol Hernández,Arturo Prat 245,Concepción,Residencial,2017-04-22
CL-00038,Gloria María Vera Retamales,Los Alerces 7501,Concepción,Residencial,2018-02-28
CL-00039,Ricardo Romero Cubillos,Calle Karen Sepúlveda 5702 Dpto. 5776,Hualpén,Residencial,2022-11-18
CL-00040,Yolanda Sepúlveda Gómez,Omar Rodríguez 372,Talcahuano,Residencial,2011-11-20
CL-00041,Viviana Ibarra Rojas,Alonso de Ercilla 23 Dpto. 740,Concepción,Residencial,2022-03-13
CL-00042,Elvira Carolina Castañeda Pérez,Calle Esmeralda 741 Piso 38,Talcahuano,Residencial,2014-10-14
CL-00043,Jonathan Reyes Contreras,Alberto Hurtado 3102 Piso 8,Concepción,Residencial,2022-05-08
CL-00044,Marisol Valeria Olivares Acevedo,Avenida Gabriela Mistral 1,San Pedro de la Paz,Residencial,2021-09-12
CL-00045,Javiera Pavez,Los Robles 3163 Of. 4822,Concepción,Comercial,2017-07-09
CL-00046,Fabián Matías Cortés Leal,Avenida Laura Godoy 91 Of. 323,Hualpén,Residencial,2015-09-18
CL-00047,Ronaldo Mark Díaz Castillo,Calle Pedro Ramírez 2093,Concepción,Residencial,2011-11-04
CL-00048,Reinaldo Segura,Bulnes 43,Talcahuano,Residencial,2017-08-02
CL-00049,Rolando Gustavo Arias Alvear,Manuel Baquedano 204 Piso 65,Talcahuano,Residencial,2024-08-31
CL-00050,Tania Marcela Ponce Parraguez,Calle María Muñoz 8534 Piso 9,Concepción,Residencial,2020-02-15
CL-00051,Luis Ignacio Sánchez Cerda,Calle Javier Núñez 6082 Piso 45,San Pedro de la Paz,Comercial,2018-04-04
CL-00052,Tamara Carmen Ruiz Lizana,Calle María Rodríguez 191 Of. 833,Chiguayante,Residencial,2022-02-26
CL-00053,Katherine Margarita González Rebolledo,Andrés Gómez 338,San Pedro de la Paz,Residencial,2018-08-16
CL-00054,Nelly Ximena Gallardo González,Calle David Valenzuela 68,San Pedro de la Paz,Comercial,2014-06-16
CL-00055,Israel Navarrete,Las Margaritas 26 Piso 6,Hualpén,Residencial,2013-03-16
CL-00056,Carolina Silva Herrera,Margarita Ferreira 7903,San Pedro de la Paz,Residencial,2019-09-10
CL-00057,Colomba Valderrama Castillo,Nicolás Ormeño 7868 Piso 49,Concepción,Residencial,2018-07-07
CL-00058,Kevin Dylan Orellana Arancibia,Calle Esmeralda 987,Concepción,Residencial,2017-11-18
CL-00059,Leonel Zavala,Av. Los Robles 28 Dpto. 130,Concepción,Residencial,2024-05-17
CL-00060,María Mansilla,Pasaje Los Naranjos 40,Talcahuano,Comercial,2019-12-17
CL-00061,Ariel Loyola,Luis Calderón 255,Talcahuano,Residencial,2021-05-20
CL-00062,Rosario Ana Segovia Cabello,Calle Marco García 5053 Dpto. 540,Concepción,Residencial,2013-08-08
CL-00063,Vicente Tapia,Los Palmitos 3396,Chiguayante,Residencial,2017-09-08
CL-00064,María Carmen Carrasco Loyola,Avda. Paulina Sepúlveda 872 Dpto. 3123,Talcahuano,Residencial,2013-01-01
CL-00065,Lucía Paula Allende Alvarado,Av. Alfonso Barría 4216 Piso 6,Concepción,Residencial,2017-01-17
CL-00066,Juliana Patricia Valladares Vargas,Avenida Gabriela Mistral 4002,Talcahuano,Residencial,2019-05-17
CL-00067,Alexis Felipe Salas Valdés,Calle Las Margaritas 901,Concepción,Residencial,2021-12-10
CL-00068,Cristian Pereira González,Calle Baquedano 64 Piso 2,Chiguayante,Residencial,2021-06-27
CL-00069,Clara Monserrat Cifuentes Riquelme,Ángel Troncoso 5018,Concepción,Residencial,2013-06-14
CL-00070,Benjamín Herrera Bastías,Gastón Zúñiga 7303,San Pedro de la Paz,Residencial,2023-02-27
CL-00071,Fernanda Pamela Ortiz Gómez,Calle Sebastián Aliaga 317 Dpto. 631,Chiguayante,Residencial,2016-03-06
CL-00072,Adán Jonathan Acosta Durán,Calle Arturo Alessandri Palma 926 Piso 9,Concepción,Residencial,2016-09-11
CL-00073,José Benjamín Garrido Pinto,Av. Alonso Marín 6147 Piso 1,Concepción,Residencial,2021-05-30
CL-00074,Teresa Sofía Godoy Aburto,Calle Sergio Moraga 27,Chiguayante,Comercial,2015-10-19
CL-00075,María Amanda Ulloa Núñez,Katherine Gálvez 7522,Chiguayante,Residencial,2013-10-30
CL-00076,Elsa Araya Fuentes,Los Aromos 669 Dpto. 9936,Chiguayante,Residencial,2023-01-16
CL-00077,Mario Félix Díaz Zúñiga,Martín Araya 4689 Of. 613,Chiguayante,Residencial,2014-09-17
CL-00078,Hilda Nicole Gutiérrez León,Calle Los Aromos 6105,Concepción,Residencial,2015-09-28
CL-00079,Jean Rodríguez Gallardo,Calle Las Malvas 46,Talcahuano,Residencial,2016-10-20
CL-00080,Roberto Rojas,Calle Claudia Valladares 16,Concepción,Residencial,2025-06-08
CL-00081,Vicente Arévalo,Arturo Prat 3917 Dpto. 25,San Pedro de la Paz,Residencial,2016-10-04
CL-00082,Marisol Ruz-Bahamondes Arias,Calle Manuel Bulnes 37,Hualpén,Residencial,2019-03-29
CL-00083,Carol Sonia Brito Quiroz,Los Digitales 17 Piso 1,Talcahuano,Residencial,2020-04-24
CL-00084,Víctor Nelson Gaete Maldonado,Avenida Esmeralda 9667,Concepción,Residencial,2015-02-06
CL-00085,María Cecilia Sánchez Cortés,Anahí Pereira 224 Of. 4621,Concepción,Industrial,2015-01-02
CL-00086,Constanza Hilda Neira Díaz,Diego Barros Arana 87,Talcahuano,Residencial,2017-08-07
CL-00087,Pablo Manuel Olivares Domínguez,Los Carrera 5563 Dpto. 611,Chiguayante,Residencial,2016-12-26
CL-00088,Noelia Gaete Molina,Calle Los Helechos 4904,Hualpén,Residencial,2024-10-16
CL-00089,Emilio Lorenzo Azócar Olivares,Calle Arturo Prat 809,San Pedro de la Paz,Residencial,2024-04-13
CL-00090,Ángela Sofía Espinoza Alarcón,Calle Los Copihues 9546,Talcahuano,Residencial,2015-09-27
CL-00091,Esteban Daniel Hernández Cáceres,Lautaro 22,Concepción,Residencial,2022-08-31
CL-00092,José Sandoval Poblete,Padre Alberto Hurtado 720 Piso 9,Chiguayante,Industrial,2023-05-23
CL-00093,Luis Henríquez Rojas,Calle Vicente Briceño 3332 Of. 9898,Chiguayante,Residencial,2021-06-19
CL-00094,Benjamín Luciano Vera Leal,Manuel Rodríguez 760,Hualpén,Residencial,2016-12-24
CL-00095,María Ana Ortega Adasme,Camino Angélica Prado 171,Chiguayante,Residencial,2021-09-19
CL-00096,Kevin Lara Cid,Calle Las Mosquetas 81,Talcahuano,Residencial,2016-05-16
CL-00097,María Constanza Silva Chávez,Los Pinos 5421,Talcahuano,Residencial,2020-05-22
CL-00098,Maritza Matilde Hernández Salas,Arturo Prat 5747 Piso 2,Talcahuano,Residencial,2016-07-13
CL-00099,Doris Milena Rodríguez González,Calle Manuel Rodríguez 892 Piso 68,Concepción,Residencial,2015-07-05
CL-00100,Abelardo Campos Valdebenito,Alberto Hurtado 4090,Concepción,Comercial,2012-09-09
CL-00101,Maximiliano Rodríguez Caro,Av. Sebastián Martínez 713,Concepción,Residencial,2020-04-26
CL-00102,Rosa Guevara Santibáñez,Calle Manuel Rodríguez 7216 Dpto. 665,Hualpén,Residencial,2015-04-15
CL-00103,Héctor Jaime Jara Suazo,Avda. Josefa Vásquez 4272 Piso 9,Concepción,Residencial,2024-08-01
CL-00104,Orfelina Adriana Aguayo Neira,Pasaje Gabriela Mistral 173 Dpto. 506,Talcahuano,Residencial,2024-07-18
CL-00105,Nicanor Sánchez Parada,Calle Eduardo Gómez 96,San Pedro de la Paz,Residencial,2013-02-23
CL-00106,Paulina Marcia Sánchez Rubilar,Calle Los Laureles 3654,Concepción,Residencial,2012-06-06
CL-00107,Danitza Francisca Cáceres Cornejo,Los Copihues 782,Talcahuano,Residencial,2011-08-01
CL-00108,Félix Jorge Castillo Berríos,Andrea González 49 Dpto. 699,Chiguayante,Residencial,2011-09-22
CL-00109,Gustavo Vásquez,Av. Ramiro Vidal 1648,Concepción,Residencial,2013-10-20
CL-00110,Juan Jorquera,Avenida Bastián Acuña 3368 Of. 663,Concepción,Residencial,2013-11-09
CL-00111,Raquel Pacheco Leiva,Yoselin Bravo 944,Concepción,Comercial,2018-09-24
CL-00112,Daniela Mercedes Tapia Pinto,Las Margaritas 7,Concepción,Residencial,2012-11-08
CL-00113,Pablo Alberto Carrasco Retamal,Gabriela Mistral 285 Dpto. 376,San Pedro de la Paz,Residencial,2019-06-11
CL-00114,Luis Francisco Contreras Alvarado,San Martín 291 Dpto. 2910,Chiguayante,Residencial,2012-07-18
CL-00115,Sofía Antonella Valencia Quintanilla,Los Girasoles 704,Hualpén,Residencial,2023-03-20
CL-00116,Ana Sofía Araya Torres,Avda. Ximena Contreras 61,San Pedro de la Paz,Residencial,2015-07-21
CL-00117,Pedro Gary Paredes Aguirre,Picarte 5538 Piso 74,Chiguayante,Industrial,2025-07-07
CL-00118,Alejandro Segovia,Pasaje Gabriela Mistral 6258,Concepción,Residencial,2014-09-24
CL-00119,Teresa Patricia Rojas Fredes,Psje. Milovan Gutiérrez 4 Of. 760,San Pedro de la Paz,Residencial,2022-03-23
CL-00120,Daniel Díaz,Calle Felipe Martínez 7281 Of. 3484,Talcahuano,Residencial,2023-04-08
CL-00121,Carolina Maite Tapia Inzunza,Calle Alonso de Ercilla 7819,Chiguayante,Residencial,2020-11-19
CL-00122,Tomás Opazo Araya,Camino Hugo Carreño 9343,San Pedro de la Paz,Residencial,2016-12-13
CL-00123,Teresa Nadia Olea Tapia,Eusebio Lillo 2209,Concepción,Residencial,2023-12-28
CL-00124,Nelly Peñaloza Castillo,Las Hortensias 3244,Concepción,Comercial,2021-05-30
CL-00125,Carlos Torres Díaz,Calle Lord Thomas Cochrane 770,Concepción,Residencial,2015-02-10
CL-00126,Cristóbal Sebastián Reyes Neira,Las Margaritas 8665,Talcahuano,Residencial,2019-05-31
CL-00127,Berta Estrella Zamora Méndez,Calle Darío Villalobos 601,Chiguayante,Residencial,2021-04-03
CL-00128,Katherine Navarrete,Las Hortensias 902 Of. 441,San Pedro de la Paz,Residencial,2022-11-21
CL-00129,Dominga Díaz,Jaime Sepúlveda 41,Concepción,Residencial,2015-07-27
CL-00130,Alberto Marcelo Fernández Silva,Esmeralda 8244,Talcahuano,Residencial,2021-11-03
CL-00131,Astrid Cárdenas Medina,Calle Pedro Aguirre Cerda 976,Talcahuano,Residencial,2013-05-03
CL-00132,Patricio Felipe Valenzuela Soto,Calle Javiera Marchant 26 Of. 394,Concepción,Residencial,2022-11-19
CL-00133,Susana Medel,Manuel Montt 245 Of. 4666,Concepción,Residencial,2023-07-28
CL-00134,Carmen Muñoz Riveros,Los Abedules 58,Talcahuano,Residencial,2019-01-16
CL-00135,Brandon Torres Toledo,Avenida Las Margaritas 9 Piso 6,San Pedro de la Paz,Comercial,2015-07-31
CL-00136,María Isabel Núñez Cifuentes,Av. Patricio Flores 3355,Talcahuano,Residencial,2020-06-15
CL-00137,Mercedes Juana Saldías Román,Calle Alonso de Ercilla 9953 Dpto. 64,Talcahuano,Residencial,2014-12-02
CL-00138,Elizabeth Martina Veloso Orellana,Pedro Cornejo 71,Chiguayante,Residencial,2014-05-11
CL-00139,Romina Sanhueza-Zúñiga Flores,Lautaro 1077 Piso 6,Talcahuano,Industrial,2024-08-13
CL-00140,Maximiliano Cisternas Fuentes,Los Abedules 496,San Pedro de la Paz,Comercial,2022-11-27
CL-00141,Paulina Aguirre,Calle Las Mosquetas 80,San Pedro de la Paz,Residencial,2017-06-26
CL-00142,Tomás Víctor Martínez-Ramos Paredes,Av. Daniel Elgueta 60 Of. 801,Concepción,Residencial,2023-06-24
CL-00143,Exequiel Henríquez-Contreras,Calle Las Araucarias 8185 Of. 5068,Talcahuano,Residencial,2016-05-29
CL-00144,Renata Carla Sánchez Zambrano,Los Copihues 3300,Concepción,Residencial,2024-08-06
CL-00145,Ximena Mónica Aliaga Salinas,Los Alerces 33,Concepción,Residencial,2011-12-15
CL-00146,Margarita Arenas,Avda. Virginia Mamani 500,Concepción,Residencial,2021-09-14
CL-00147,Oscar Faúndez,Calle José Manuel Balmaceda 3964,Hualpén,Residencial,2019-09-24
CL-00148,Guillermo Lenin Leiva Sepúlveda,Gabriela Silva 79,Talcahuano,Residencial,2021-06-09
CL-00149,Ximena Viviana Aguilera García,Calle Mac Iver 845 Dpto. 2914,Concepción,Residencial,2014-02-27
CL-00150,Ignacio Reyes Carrillo,Avenida María Medina 4376,Concepción,Residencial,2019-05-08
CL-00151,Ramón Mena Vega,Calle Pedro Montt 84 Of. 228,San Pedro de la Paz,Residencial,2014-03-07
CL-00152,América Medina,Gabriela Mistral 498,Concepción,Residencial,2016-10-26
CL-00153,Cristóbal Nicolás Benavides Guzmán,Calle Katherine Barría 2 Dpto. 71,Concepción,Residencial,2017-12-22
CL-00154,Pía Isabel Ojeda Sepúlveda,Los Abedules 6787,Talcahuano,Residencial,2019-12-08
CL-00155,Miguel Uribe,Pasaje Arturo Alessandri 926 Piso 18,San Pedro de la Paz,Residencial,2016-10-28
CL-00156,Ámbar Espinosa,Calle Los Laureles 563 Dpto. 9962,Concepción,Comercial,2017-05-10
CL-00157,Camilo Renato Segovia Muñoz,Avenida Ramón Picarte 4 Dpto. 400,Hualpén,Residencial,2017-08-20
CL-00158,Raimundo Allendes Ibarra,Calle Las Hortensias 766,Chiguayante,Residencial,2012-08-18
CL-00159,Hugo Salvador Parra Meza,Avda. Delia Sánchez 5354,Concepción,Residencial,2013-06-29
CL-00160,Nora Sandra Miranda Morales,Calle Ramón Carnicer 33,Chiguayante,Residencial,2015-12-05
CL-00161,Nataly Hernández Pérez,Calle Lastarria 6076 Dpto. 24,Talcahuano,Residencial,2017-01-21
CL-00162,Constanza Bugueño Morales,Cecilia Godoy 1371,Hualpén,Residencial,2014-11-27
CL-00163,Cristian José Robles Aburto,Karla Álvarez 2822,Hualpén,Comercial,2013-12-22
CL-00164,Teresa Alejandra Quezada Villarroel,Av. Los Pinos 558,Talcahuano,Residencial,2024-11-03
CL-00165,Leandro Manuel Molina Escobar,Calle Los Cactus 64 Of. 2979,Concepción,Industrial,2011-12-27
CL-00166,Ignacio Montes Álvarez,Psje. Bryan Villalobos 7703,Chiguayante,Residencial,2022-08-24
CL-00167,Margarita Mora Salgado,Avda. Catalina Tello 848 Of. 6247,Talcahuano,Residencial,2023-04-11
CL-00168,Angélica Nicole Fierro Fernández,Calle Los Laureles 259 Piso 57,Concepción,Comercial,2013-05-30
CL-00169,Cecilia Inostroza Arancibia,Calle Caupolicán 528,Concepción,Residencial,2021-04-28
CL-00170,Ignacia Santana Troncoso,Calle Los Piñones 80,Hualpén,Residencial,2014-08-15
CL-00171,Fernanda Parra Pinto,Calle Ruth Rojas 1650,Hualpén,Residencial,2020-02-17
CL-00172,Sandra Ema Torres López,Calle Sebastián Espinosa 282 Of. 4422,Concepción,Comercial,2019-02-27
CL-00173,Luz Yaritza Avendaño-Castro Oyarzo,Calle Margot Valenzuela 766 Dpto. 3644,Talcahuano,Comercial,2012-07-21
CL-00174,Jeannette Jara,Calle Pamela Fuentes 9497,Concepción,Residencial,2025-05-18
CL-00175,Luis Salamanca,Manuel José Irarrázaval 6758,Hualpén,Residencial,2021-09-09
CL-00176,Anna Galdames Robles,Gabriela Mistral 167 Of. 206,Concepción,Residencial,2025-02-22
CL-00177,José Alvarado Aguilera,Calle Paola Arancibia 14 Piso 12,Hualpén,Residencial,2019-04-17
CL-00178,Karina Maturana Arredondo,Vicente Rojas 2159 Piso 69,Talcahuano,Residencial,2024-01-06
CL-00179,José Aarón Toro Rozas,Avda. Santa Rosa 38,San Pedro de la Paz,Residencial,2018-05-17
CL-00180,Orlando Néstor Tapia Salazar,Calle Jonathan Lillo 4407 Dpto. 10,Concepción,Residencial,2020-03-06
CL-00181,Matías Leiva,Calle Bárbara Gallegos 501,Talcahuano,Residencial,2011-10-07
CL-00182,Luis Aguilera,Los Abedules 58 Of. 2793,Concepción,Industrial,2018-03-07
CL-00183,Grace Olivares Andrade,Calle Rubén Gutiérrez 883,San Pedro de la Paz,Residencial,2017-11-14
CL-00184,Juan Jaime Salazar Avilés,Calle Los Helechos 8 Piso 74,San Pedro de la Paz,Residencial,2012-07-19
CL-00185,Claudio Aurelio Quintana Soto,Los Digitales 12,Concepción,Residencial,2013-08-20
CL-00186,Enriqueta Antonia Campos Flores,Los Helechos 509 Dpto. 397,Hualpén,Comercial,2015-10-20
CL-00187,Ricardo Ponce,Los Naranjos 9258 Dpto. 958,Chiguayante,Comercial,2022-12-09
CL-00188,María Fuenzalida Gutiérrez,Calle Camilo Jara 52,Talcahuano,Residencial,2013-03-23
CL-00189,Juan Gaete Castillo,Antonio Varas 379 Of. 588,Talcahuano,Residencial,2015-08-27
CL-00190,Benjamín Sepúlveda,Alice Vergara 161 Dpto. 23,Concepción,Residencial,2020-03-04
CL-00191,Adela Claudia López Valenzuela,Los Pinos 23 Dpto. 66,Concepción,Residencial,2014-07-01
CL-00192,José González Arenas,Calle Antonio Varas 19 Dpto. 751,San Pedro de la Paz,Residencial,2022-06-01
CL-00193,Carlos José Abarca Pino,Calle Paulina Fernández 4268,San Pedro de la Paz,Residencial,2016-06-11
CL-00194,Amelia Agustina Rodríguez Yáñez,María Arroyo 6020,Hualpén,Residencial,2017-12-13
CL-00195,Bernardita Johana Maldonado Navarro,Sonia Díaz 4873 Of. 6789,Talcahuano,Residencial,2023-06-17
CL-00196,Josefa Gloria Barría Leiva,Calle Freire 29,Talcahuano,Residencial,2024-04-01
CL-00197,María Fabiola Díaz Vásquez,Matías Contreras 1985,Chiguayante,Residencial,2017-08-14
CL-00198,Verónica Natali Carvajal Aguilera,Pasaje Los Naranjos 351,San Pedro de la Paz,Residencial,2015-11-03
CL-00199,Mariana Elvira Lara Manríquez,Calle Mac Iver 208 Of. 174,San Pedro de la Paz,Comercial,2023-09-12
CL-00200,Silvia Daniela Jara Aguilera,Eusebio Lillo 9023 Of. 4502,Chiguayante,Residencial,2016-10-25
CL-00201,Patricio Álvaro Miranda Sepúlveda,Los Copihues 29,Hualpén,Comercial,2012-04-10
CL-00202,Mirta María Soto Mancilla,Calle José Muñoz 856 Piso 3,Concepción,Residencial,2019-03-27
CL-00203,Macarena Toro Carrasco,Avda. Lautaro 960,Concepción,Residencial,2014-12-27
CL-00204,Iván Samuel Mellado Moraga,Calle Gabriela Mistral 2682 Piso 61,San Pedro de la Paz,Residencial,2022-01-22
CL-00205,Cecilia Acuña Castillo,Los Aromos 1319,Hualpén,Residencial,2016-11-07
CL-00206,Ana Nicol Bravo Solís,Paula Jaraquemada 1,Concepción,Residencial,2012-06-20
CL-00207,Marlene Paz,Calle Esmeralda 4055,Concepción,Residencial,2019-09-21
CL-00208,Lucía González Ávalos,Avenida Mario Silva 8483 Of. 8536,Hualpén,Residencial,2022-01-16
CL-00209,Patricia Roxana Herrera Jara,Calle Carmen Aguirre 705 Of. 597,Concepción,Residencial,2021-10-30
CL-00210,Marcelo Ortiz,Av. Roberto Tapia 315,Concepción,Residencial,2020-07-15
CL-00211,José Valdivia Espinoza,Avenida Belén Aguilera 5704,Talcahuano,Residencial,2024-01-19
CL-00212,Héctor Alex Carreño Mora,Av. Los Piñones 1967 Piso 16,Hualpén,Residencial,2020-05-30
CL-00213,Carlos César Catalán Sánchez,Calle Ignacia Palma 608,Hualpén,Residencial,2016-07-10
CL-00214,Teresa Carmen Mardones Contreras,Elba Núñez 44,Concepción,Residencial,2022-02-24
CL-00215,Jonathan Alejandro Burgos Muñoz,Caupolicán 260,Chiguayante,Residencial,2020-06-28
CL-00216,José Gómez Castillo,Av. Las Azucenas 999 Piso 82,Concepción,Industrial,2018-05-05
CL-00217,Benjamín José Ibarra Torres,Pasaje Sebastián Guerra 6384,Talcahuano,Residencial,2017-09-05
CL-00218,Oscar Gallegos Plaza,Avenida Gabriela Mistral 290 Piso 59,Chiguayante,Residencial,2023-06-14
CL-00219,José González,Los Lirios 6070,Hualpén,Industrial,2015-03-21
CL-00220,Susana Velásquez,Francisco Rojas 94 Piso 31,Chiguayante,Residencial,2012-11-01
CL-00221,Ana María García Arévalo,Calle Los Tilos 1229 Dpto. 610,Hualpén,Residencial,2020-01-18
CL-00222,Almendra Pérez,Enrique Rojas 54,Hualpén,Residencial,2011-11-28
CL-00223,Macarena Jacqueline Campos Herrera,Los Aromos 2351,Concepción,Residencial,2024-07-09
CL-00224,Carlos Roberto Contreras Valdés,Calle Enrique Mac Iver 7561 Piso 2,Talcahuano,Residencial,2025-02-06
CL-00225,Mariela Doris Zamorano Reyes,Amalia Núñez 557 Of. 602,Concepción,Residencial,2024-05-29
CL-00226,Julio Máximo León Torres,Pasaje José Cornejo 98 Of. 753,Concepción,Residencial,2019-03-16
CL-00227,Elba Iris Peña Baez,Ramón Picarte 4,San Pedro de la Paz,Residencial,2011-07-29
CL-00228,Evelyn Loyola Méndez,Christian Bastías 809 Of. 8885,Talcahuano,Industrial,2014-01-16
CL-00229,Claudio Matías Sánchez Rojas,Sandra Gutiérrez 6537,San Pedro de la Paz,Residencial,2022-10-05
CL-00230,Silvia María Galaz Díaz,Calle Vivian Salazar 6881,Hualpén,Residencial,2016-05-06
CL-00231,Trinidad Salinas,Daniela Márquez 7283 Of. 5926,Chiguayante,Residencial,2021-09-27
CL-00232,Elías Hurtado Peña,Calle Manuel Bulnes 832 Dpto. 5221,Talcahuano,Residencial,2025-03-29
CL-00233,Verónica Aravena Sepúlveda,Av. Arturo Prat 9128,Hualpén,Residencial,2023-03-08
CL-00234,Augusto Miguel Valdebenito Yáñez,Juan Mackenna 583 Dpto. 55,Talcahuano,Residencial,2022-06-26
CL-00235,Claudio Patricio Bustos Martínez,Los Copihues 77,Concepción,Residencial,2015-05-03
CL-00236,Eduardo Miguel Arriagada Arenas,Las Manzanillas 2298 Dpto. 8609,Chiguayante,Comercial,2015-07-31
CL-00237,María Vanessa Fernández Valencia,Calle Guillermo Ceballos 1475 Of. 9885,Concepción,Residencial,2021-02-07
CL-00238,Mabel Núñez,José Miguel Carrera 1 Of. 9366,Concepción,Residencial,2023-10-15
CL-00239,Cecilia Edelmira Aguirre Sandoval,Manuel Rodríguez 4477,Hualpén,Residencial,2017-02-16
CL-00240,Fernanda Vera,Pasaje Los Naranjos 2,Concepción,Residencial,2013-07-05
CL-00241,Edith Aguayo,Calle Los Encinos 182,San Pedro de la Paz,Residencial,2019-01-03
CL-00242,Sara Pacheco Romero,Martín Ramírez 405,San Pedro de la Paz,Residencial,2019-01-16
CL-00243,Jorge Francisco Peñaloza Ruiz,Katherine Saavedra 2741 Piso 56,San Pedro de la Paz,Residencial,2019-07-23
CL-00244,Juan Ian Rodríguez Córdova,Camino Antonio Contreras 213,Talcahuano,Residencial,2015-10-01
CL-00245,María Núñez,Calle Pedro Osorio 115 Piso 41,Concepción,Residencial,2022-02-09
CL-00246,Marta Camila Avendaño Rebolledo,Calle Las Rosas 43,San Pedro de la Paz,Residencial,2024-12-06
CL-00247,Paulina Isabel Concha Reyes,Los Higos 527 Dpto. 31,Talcahuano,Residencial,2012-06-18
CL-00248,Alberto Ricardo Palma Herrera,Calle Ramón Carnicer 70 Of. 749,San Pedro de la Paz,Residencial,2024-06-28
CL-00249,Cynthia Emilia Benítez Solar,Los Girasoles 424 Piso 77,San Pedro de la Paz,Residencial,2015-05-28
CL-00250,Sergio Martín Zurita Mamani,Mario Soto 6467 Dpto. 661,Chiguayante,Residencial,2021-10-10
CL-00251,Francisca Fabiola Benavides Paredes,Caupolicán 87,Concepción,Residencial,2021-04-12
CL-00252,Félix Fernández,Calle Carmen Espinoza 16 Of. 6547,Talcahuano,Residencial,2016-10-09
CL-00253,Hortensia Claudia Guzmán Llanos,Matta 84 Of. 1358,Chiguayante,Residencial,2018-04-16
CL-00254,Diego José Rojas Cárdenas,Calle Camila Fuentes 699 Dpto. 98,Concepción,Residencial,2019-08-30
CL-00255,Héctor Muñoz-Letelier,Avda. Lastarria 28 Of. 4089,Concepción,Industrial,2014-04-24
CL-00256,Ester López Fernández,Av. Daniel Barrientos 7255,Talcahuano,Residencial,2016-07-18
CL-00257,Claudia Mendoza Peña,Christian Iturra 9081,San Pedro de la Paz,Comercial,2013-02-21
CL-00258,Cristian Alan Guerrero Lobos,Los Laureles 4403 Dpto. 741,Hualpén,Residencial,2021-04-17
CL-00259,Juana Fernanda Rojas Olivares,Calle Alberto Hurtado 2892 Of. 4966,Hualpén,Residencial,2019-10-11
CL-00260,Ana Dina San Martín González,Rubén Tapia 814 Piso 24,Concepción,Residencial,2018-11-26
CL-00261,Claudia Paulina Cabrera Gutiérrez,Pedro Aguirre Cerda 488,Hualpén,Residencial,2018-01-26
CL-00262,Juan Paz Díaz,Camino Caupolicán 9 Of. 417,San Pedro de la Paz,Residencial,2023-01-27
CL-00263,Ariela Olga Sandoval Pizarro,Calle Josefa Rodríguez 9211 Dpto. 37,Concepción,Residencial,2014-07-13
CL-00264,Valentina González-Zamora Vergara,Ramón Carnicer 193,Talcahuano,Residencial,2013-06-01
CL-00265,Jennifer Araneda Carrasco,Calle Las Mandarinas 7205 Dpto. 9643,San Pedro de la Paz,Residencial,2021-03-04
CL-00266,Cristopher Carlos Cofré Cáceres,Los Aromos 281,Chiguayante,Residencial,2015-08-05
CL-00267,Virginia Díaz Carrillo,Calle Alonso de Ercilla 412 Piso 1,Hualpén,Residencial,2019-09-14
CL-00268,José Víctor Muñoz Saldivia,Los Abedules 387 Of. 786,Chiguayante,Residencial,2015-07-15
CL-00269,Viviana Castro-Cid Ramírez,Calle San Martín 395 Dpto. 948,Talcahuano,Residencial,2017-09-16
CL-00270,Walter Carrasco Silva,Los Lirios 9522 Of. 6703,Concepción,Residencial,2020-08-24
CL-00271,Rubén Matamala,Los Piñones 1,Chiguayante,Residencial,2017-06-27
CL-00272,Javier Oscar Baez-Lagos Arévalo,Calle María Navarro 3979 Dpto. 158,Chiguayante,Residencial,2018-09-25
CL-00273,Ángela Consuelo Navarrete García,Calle Las Mosquetas 745,San Pedro de la Paz,Comercial,2012-04-06
CL-00274,Matías Rivas Gallardo,Joaquín Villalobos 5213 Dpto. 49,San Pedro de la Paz,Comercial,2018-12-08
CL-00275,María Danitza Rivera Viveros,Las Rosas 59 Of. 497,Talcahuano,Residencial,2016-10-10
CL-00276,Thiago Díaz-Villarroel Riquelme,Camino María Montecinos 6270,Talcahuano,Residencial,2012-04-05
CL-00277,Angie Morales Salas,Calle Lautaro 575,Chiguayante,Residencial,2012-12-08
CL-00278,María Irene Bravo Molina,Calle Marta Vega 648,Hualpén,Residencial,2021-04-17
CL-00279,Karla Pulgar Miranda,Marjorie Luengo 34,Chiguayante,Residencial,2018-04-07
CL-00280,Luz Campos Calderón,Claudio Meza 6186 Dpto. 6405,Chiguayante,Residencial,2014-12-11
CL-00281,Christian Javier Vega Toro,Lord Thomas Cochrane 40,San Pedro de la Paz,Residencial,2015-11-28
CL-00282,Ricardo Norberto Fernández Águila,Los Aromos 6451 Piso 8,Talcahuano,Comercial,2019-09-10
CL-00283,Elvira Silvia Valderrama Saavedra,Avenida Caupolicán 144 Of. 8073,Talcahuano,Residencial,2016-01-31
CL-00284,Joel Cortés Vergara,Alexander Muñoz 2222 Piso 1,Concepción,Residencial,2024-09-03
CL-00285,Paulo Amaro Villegas Bernal,Calle Los Alerces 6390 Of. 652,Hualpén,Residencial,2015-01-16
CL-00286,Carla Silva Fuentes,Salvador Allende Gossens 2824 Dpto. 4370,Concepción,Comercial,2017-08-08
CL-00287,José Paredes Bravo,Calle Los Coihues 8791,Talcahuano,Residencial,2019-01-10
CL-00288,Julia Pérez Herrera,Pasaje Diego Barros Arana 1902,Talcahuano,Residencial,2013-12-06
CL-00289,Sara Manríquez Beltrán,Los Aromos 53,Concepción,Residencial,2012-12-29
CL-00290,Bastián Ricardo Ávila-Vergara Martinez,Calle Héctor Fernández 4956,Hualpén,Residencial,2022-09-28
CL-00291,Patricia Zurita Alarcón,Av. Los Abedules 5,Concepción,Residencial,2018-05-05
CL-00292,Rosa Camila Martínez García,Calle Los Coihues 858 Of. 720,Concepción,Residencial,2019-03-21
CL-00293,Nilda Danae Marchant Valenzuela,Juan Mackenna 2884,Chiguayante,Residencial,2019-03-22
CL-00294,Rosa Tapia Palma,Calle Los Naranjos 8182,Talcahuano,Residencial,2012-11-25
CL-00295,Ada Carolina Correa Moraga,Las Lilas 1969,Concepción,Residencial,2020-02-25
CL-00296,Elena Jaramillo,Avenida Alonso de Ercilla 255 Dpto. 954,Talcahuano,Residencial,2017-03-19
CL-00297,Bastián Ignacio Lara Fuentealba,Calle Las Rosas 866,Chiguayante,Residencial,2018-11-18
CL-00298,Javier Méndez Álvarez,Avda. Las Hortensias 4640,Concepción,Residencial,2017-06-19
CL-00299,Sylvia Irma Gómez Díaz,Irarrázabal 7,Hualpén,Residencial,2013-05-05
CL-00300,Alejandro Manuel Salas Herrera,Calle Mathias Luna 9,Concepción,Residencial,2022-03-11
CL-00301,Nadia Sierra López,Soledad López 3014,Concepción,Comercial,2023-04-14
CL-00302,Felipe Cáceres Vargas,Los Calafates 3023 Piso 4,Talcahuano,Residencial,2017-03-25
CL-00303,Sebastián Sergio Durán Valenzuela,Av. Paulina Valencia 8850,Talcahuano,Residencial,2019-03-18
CL-00304,Martina Blanca Herrera Solís,Arturo Prat 863,Hualpén,Residencial,2023-04-08
CL-00305,Victoria Fernanda González Saldías,Las Manzanillas 6162 Dpto. 7965,Chiguayante,Residencial,2013-07-16
CL-00306,Sofía Rivera,Los Aromos 19,San Pedro de la Paz,Residencial,2017-07-12
CL-00307,Jesus Lucas Pizarro Alvarado,Patricia Reyes 780,Talcahuano,Residencial,2019-08-20
CL-00308,Rossana Mariela Baeza Bravo,Calle Catalina Castillo 356,Talcahuano,Residencial,2014-04-23
CL-00309,Jorge Paredes Díaz,Calle Sergio Faúndez 7622 Of. 881,Chiguayante,Residencial,2024-06-24
CL-00310,Margarita Meléndez Zapata,Avenida Manuel Antonio Matta 7298 Of. 8707,Concepción,Residencial,2021-08-21
CL-00311,Daniel Rodolfo Jara-Parraguez Mardones,Calle Las Mandarinas 997,Talcahuano,Residencial,2016-10-01
CL-00312,Oscar José López Núñez,Las Manzanillas 3851 Piso 28,Concepción,Residencial,2015-03-24
CL-00313,Tomás Jaime Carrasco Cabrera,Calle Los Copihues 838,Concepción,Residencial,2021-06-07
CL-00314,Franco Gómez-Núñez,Calle Arturo Prat 67 Dpto. 7595,San Pedro de la Paz,Residencial,2014-04-15
CL-00315,Vanessa Marcela Zamorano Bravo,Pedro Álvarez 575,Chiguayante,Residencial,2017-03-13
CL-00316,Karina Lilian Valencia-Alfaro González,Ana Canales 363,Hualpén,Comercial,2012-04-11
CL-00317,Gaspar Carrillo,Juan Gálvez 664,Talcahuano,Residencial,2014-04-10
CL-00318,Karina Hernández Troncoso,Francisca Jaramillo 88 Dpto. 115,Concepción,Residencial,2014-02-17
CL-00319,Carolina Zapata,Padre Alberto Hurtado 1466,Concepción,Residencial,2018-07-27
CL-00320,Luis González,Avda. Las Mandarinas 26,Concepción,Residencial,2023-10-12
CL-00321,Alonso Eduardo Suárez Gamboa,Valentina Tapia 630,Talcahuano,Residencial,2025-03-19
CL-00322,María López Castillo,Avda. Paulina Ibarra 94 Of. 709,Chiguayante,Residencial,2021-03-21
CL-00323,Mauricio Herrera Hernández,Calle Los Encinos 5624 Piso 29,Hualpén,Residencial,2016-03-25
CL-00324,Cecilia Solange Moraga Cuevas,Calle Verónica Díaz 7979,Concepción,Residencial,2021-04-10
CL-00325,Catalina Valenzuela Bustamante,Sergio Quinteros 8555 Dpto. 77,San Pedro de la Paz,Residencial,2020-12-28
CL-00326,Matías Sebastián Castillo-Mendoza Cortés,Calle Las Maravillas 81 Of. 4515,Chiguayante,Residencial,2024-05-10
CL-00327,Domingo Sánchez,Los Aromos 329 Of. 7591,Talcahuano,Residencial,2013-06-22
CL-00328,Héctor Olmos Peralta,Rubén Carrera 782 Of. 711,Hualpén,Comercial,2015-07-30
CL-00329,Sandra Fernández,Calle Diego Barros Arana 96,Talcahuano,Residencial,2012-11-16
CL-00330,Teresa Valentina Jiménez Fuentes,Lautaro 694 Piso 91,Concepción,Residencial,2015-08-04
CL-00331,Hilda López,Av. Nicole Cáceres 37 Dpto. 864,Talcahuano,Industrial,2013-09-08
CL-00332,Francisca Chávez Carvajal,Calle Picarte 7,Chiguayante,Residencial,2017-03-11
CL-00333,Pamela Yolanda Rodríguez Córdova,Avenida Esmeralda 719,Concepción,Residencial,2018-04-07
CL-00334,Edison Orellana Orrego,Las Rosas 1715,Concepción,Residencial,2012-12-25
CL-00335,Javiera Yanira García Pacheco,Jaime Ramírez 67 Of. 832,Concepción,Residencial,2012-08-05
CL-00336,Luisa Nancy Cárcamo Bello,Calle Hans Castillo 839 Dpto. 327,Concepción,Residencial,2016-01-06
CL-00337,Danitza Patricia Garay Olate,Las Mandarinas 1,Chiguayante,Residencial,2019-10-13
CL-00338,Eliseo Andy Belmar Jerez,Lynch 71,Chiguayante,Residencial,2013-07-10
CL-00339,Luis Zárate Fernández,Luis Carrillo 880 Piso 70,Talcahuano,Comercial,2012-11-16
CL-00340,Nicole Sabina Monsalve Pizarro,Gabriela Mistral 77,Concepción,Residencial,2023-07-30
CL-00341,Carlos Mario Castro Flores,Calle Eusebio Lillo 75,Talcahuano,Residencial,2017-06-25
CL-00342,Maite Riveros Torres,Pasaje Domingo Castillo 4177 Piso 85,Talcahuano,Residencial,2015-01-14
CL-00343,Judith Moreno,Las Manzanillas 3490 Dpto. 84,Concepción,Residencial,2023-06-03
CL-00344,Jorge Morales García,Emilia Álvarez 52 Piso 37,Talcahuano,Residencial,2018-10-23
CL-00345,Víctor Marcos Villa Tapia,Avenida Christopher Castro 3394,Talcahuano,Comercial,2013-05-05
CL-00346,Magdalena Mercedes Rojas Contreras,Calle Los Girasoles 78,Hualpén,Residencial,2023-06-24
CL-00347,Oscar Enzo Retamal Herrera,Fanny Ossandón 698 Of. 856,Hualpén,Residencial,2015-06-06
CL-00348,Matías Cabrera,Calle Héctor Chávez 4343 Dpto. 49,Concepción,Residencial,2011-12-25
CL-00349,Carlos Emilio Salas Zúñiga,Los Lirios 408 Of. 1352,Talcahuano,Comercial,2016-01-05
CL-00350,Lorena Rocío Espinoza Valenzuela,Juan Paredes 181 Piso 9,Hualpén,Residencial,2023-09-15
CL-00351,María Saavedra,Avda. Los Abedules 833,Talcahuano,Residencial,2019-10-04
CL-00352,Elena María Guerrero Yáñez,Psje. Manuel Rodríguez 9312,Chiguayante,Residencial,2014-02-12
CL-00353,Martina Sara Contreras Fuentes,Calle Manuel Rodríguez 87 Dpto. 280,Hualpén,Comercial,2014-01-02
CL-00354,Agustina Bernarda Aguilera Moreno,Calle Manuel Baquedano 8939 Piso 9,Concepción,Residencial,2016-10-02
CL-00355,Vicente Alexander Cárcamo Campos,Avda. Manuel Montt 197 Piso 86,Concepción,Comercial,2013-06-30
CL-00356,Susana Muñoz Vergara,Los Aromos 944,Hualpén,Residencial,2011-12-04
CL-00357,Ítalo Díaz-Saldivia,Manuel Rodríguez 247,Concepción,Residencial,2024-12-27
CL-00358,Alfredo Luciano Videla Ríos,Los Cactus 3877,Hualpén,Residencial,2021-11-20
CL-00359,Sergio Leyton-Villagra,Avda. Santa Rosa 3758,San Pedro de la Paz,Residencial,2022-02-22
CL-00360,Iván Ortega Ojeda,Avda. Santa María 858,Hualpén,Residencial,2023-06-11
CL-00361,Martín Mauricio Lobos Araya,Pasaje Los Encinos 325,Talcahuano,Residencial,2013-02-18
CL-00362,Matías Jonathan Navarrete Palma,Colo Colo 925,Hualpén,Residencial,2014-06-13
CL-00363,Alejandra Margarita Rocha Valencia,Amalia Oyarzún 6474 Dpto. 6545,Talcahuano,Residencial,2019-01-07
CL-00364,Pablo Gaete,Paula Olivares 16 Piso 5,Talcahuano,Residencial,2014-06-20
CL-00365,Javiera Ana Muñoz Arriagada,Calle Las Manzanillas 1445 Piso 66,San Pedro de la Paz,Industrial,2019-08-08
CL-00366,Nelly Gloria Reyes Espinoza,Avenida Teresa Sánchez 8257,Talcahuano,Comercial,2014-03-26
CL-00367,Anahí Juana Zamorano Canales,Michimalonco 1996,San Pedro de la Paz,Residencial,2020-07-10
CL-00368,Fabián García Gómez,Avenida Manuel Rodríguez 841,San Pedro de la Paz,Residencial,2016-08-18
CL-00369,Francisco Gómez Rojas,Calle Manuel Bulnes 59,Concepción,Residencial,2018-10-11
CL-00370,Herminia Méndez,Juan Gutiérrez 948,Concepción,Residencial,2024-11-29
CL-00371,Steven Edmundo Cifuentes Márquez,Calle Lautaro 65 Piso 3,Concepción,Residencial,2013-03-04
CL-00372,Carlos Daniel Mardones Godoy,Los Palmitos 553 Piso 9,Concepción,Residencial,2014-07-18
CL-00373,Roxana Millaray Lorca Toro,Avenida Irarrázabal 90,Concepción,Residencial,2014-12-11
CL-00374,Rosa Gutiérrez Fuentes,Héctor Poblete 9,Hualpén,Residencial,2019-11-28
CL-00375,Krishna Soto,Javier Venegas 219 Of. 318,Concepción,Residencial,2016-03-27
CL-00376,Carmen Graciela Cerda Cea,Belén Ramírez 8647 Of. 225,Concepción,Residencial,2023-07-30
CL-00377,Alex Bustamante Jiménez,Los Girasoles 16 Piso 19,Chiguayante,Residencial,2021-01-18
CL-00378,Genoveva María Rocha Valladares,Calle Manuel Rodríguez 9395 Piso 33,Concepción,Residencial,2016-03-15
CL-00379,Mario Gutiérrez-Cerda,Calle Jorge González 902,Chiguayante,Residencial,2014-07-28
CL-00380,David Carrillo,Calle José Miguel Carrera 334 Piso 4,Concepción,Residencial,2014-02-20
CL-00381,Rodrigo Cristian Valdés Vidal,Arturo Prat 27,Concepción,Residencial,2017-02-18
CL-00382,Fernando Olguín-Lorca Miranda,Calle Lautaro 16 Piso 47,Hualpén,Comercial,2022-05-09
CL-00383,Francisco Morales Vargas,Pedro Montt 9289,Hualpén,Residencial,2015-09-17
CL-00384,Florencia Sepúlveda Carrasco,Avda. Luis Ruiz 456,San Pedro de la Paz,Residencial,2017-09-26
CL-00385,Javier Ojeda,Avda. Lord Cochrane 1170,Chiguayante,Residencial,2022-08-22
CL-00386,Catherine Esmeralda Cuevas Leiva,Manuel Antonio Matta 741 Of. 2438,Chiguayante,Residencial,2013-12-18
CL-00387,Carlos Jorquera Ruiz,Avda. Los Pinos 1329,Concepción,Residencial,2019-09-17
CL-00388,Lucía María Muñoz Arce,Carlos Meza 40,Concepción,Residencial,2017-07-23
CL-00389,Diana Zúñiga Garcés,Las Rosas 36 Dpto. 282,Chiguayante,Residencial,2014-03-31
CL-00390,José Yáñez Miranda,Calle Manuel Rodríguez 649,Chiguayante,Industrial,2013-12-21
CL-00391,Trinidad Escobar Ruiz,Calle Los Alerces 9260,San Pedro de la Paz,Residencial,2012-04-20
CL-00392,José Carvajal Sánchez,Pía Hernández 7531 Dpto. 7317,Talcahuano,Residencial,2022-11-18
CL-00393,Marianela Elsa Plaza Oyarce,Calle Los Naranjos 2859,Talcahuano,Residencial,2024-11-06
CL-00394,Luis Francisco Pino Zamorano,Las Mandarinas 49 Dpto. 38,Chiguayante,Residencial,2015-01-02
CL-00395,Héctor Eduardo Poblete Cavieres,Avda. Matta 41,Talcahuano,Residencial,2022-01-16
CL-00396,Dante Ojeda Cabello,Calle Las Maravillas 9798,San Pedro de la Paz,Residencial,2020-06-14
CL-00397,Marta Olga Rojas González,Calle Héctor Morales 70 Of. 303,Chiguayante,Residencial,2018-03-03
CL-00398,Patricio Segundo Mora Lizama,Av. Manuel Rodríguez 809,Talcahuano,Residencial,2024-03-16
CL-00399,José Cristian Mellado Matus,Esmeralda 79 Piso 53,Chiguayante,Residencial,2023-01-12
CL-00400,Juan Edison Madrid Poblete,Avda. Picarte 8245 Of. 6712,Chiguayante,Residencial,2015-05-31
CL-00401,Felipe Barriga,Ramón Picarte 3 Dpto. 37,Concepción,Residencial,2019-07-23
CL-00402,Emma Campos Díaz,Av. Matías Alarcón 2 Of. 926,San Pedro de la Paz,Residencial,2020-06-15
CL-00403,Rolando Sergio Hurtado Carrasco,Avda. Javiera Quiroz 929,Talcahuano,Residencial,2016-08-02
CL-00404,Marisa Flor Cárdenas Cepeda,Rodrigo Araya 38,Chiguayante,Residencial,2020-03-30
CL-00405,Angelo Miguel Manríquez Luengo,Calle Carlos Ulloa 728 Dpto. 5940,Talcahuano,Residencial,2023-03-01
CL-00406,José Sánchez Montes,Los Lirios 5401 Of. 484,San Pedro de la Paz,Residencial,2016-07-11
CL-00407,Lina Laura Ávila Villalobos,Camilo Henríquez 723,Talcahuano,Comercial,2023-03-24
CL-00408,Rodolfo Villegas Pérez,Manuel Antonio Matta 5513,Concepción,Residencial,2012-10-29
CL-00409,Hugo Mancilla Cortés,Bernardo O'Higgins 1245,San Pedro de la Paz,Residencial,2021-03-05
CL-00410,Felipe Rodrigo Sánchez López,Felipe Rodríguez 873,Concepción,Residencial,2025-07-02
CL-00411,David Eduardo González Rivera,Calle Ramón Carnicer 7540 Piso 71,Concepción,Residencial,2025-04-14
CL-00412,Benjamín Vega Álvarez,Las Araucarias 6811,San Pedro de la Paz,Comercial,2017-03-14
CL-00413,Axel Clemente Videla Velásquez,Las Malvas 76,San Pedro de la Paz,Industrial,2022-12-08
CL-00414,Luis Benjamín Medina Díaz,Av. Bilbao 68,Hualpén,Residencial,2019-06-02
CL-00415,Alejandro Juan Valenzuela Valenzuela,Camino Los Piñones 8739 Dpto. 2996,Hualpén,Residencial,2012-06-20
CL-00416,Catalina Rodríguez Tapia,Jacqueline Pozo 291 Of. 4117,Talcahuano,Residencial,2018-05-15
CL-00417,Valeria Sylvia Carrasco Núñez,Calle Lautaro 99 Dpto. 66,Concepción,Comercial,2024-02-06
CL-00418,Rose López,Avenida Manuel Rodríguez 5607,Talcahuano,Residencial,2024-12-25
CL-00419,Manuel Herrera,Gabriela Mistral 5 Piso 80,Hualpén,Residencial,2016-09-18
CL-00420,Sandra Meza,Calle Jean Guerrero 8652 Dpto. 555,Chiguayante,Residencial,2014-12-27
CL-00421,Francisca Vera Mamani,Avenida José Miguel Carrera 563,Chiguayante,Residencial,2020-06-29
CL-00422,Marcelo Cristóbal Navarrete Zapata,Gabriela Mistral 352 Piso 0,Chiguayante,Residencial,2012-05-21
CL-00423,Gabriela Pereira,Fernanda Yáñez 948,Concepción,Residencial,2024-05-13
CL-00424,Ángel Moisés Santander Salazar,Ramón Carnicer 5196,Talcahuano,Residencial,2017-05-15
CL-00425,Francisca Correa Valdebenito,Los Aromos 561,Concepción,Residencial,2013-01-05
CL-00426,Barbara Josefa Ortiz Salinas,Los Copihues 903,Talcahuano,Residencial,2018-02-27
CL-00427,Viviana Opazo Figueroa,Calle Los Palmitos 43,Talcahuano,Residencial,2025-06-08
CL-00428,Ingrid María Manríquez Correa,Las Margaritas 12,San Pedro de la Paz,Residencial,2014-08-10
CL-00429,José Guevara Concha,Psje. Noelia Escobar 488 Piso 72,Talcahuano,Residencial,2017-03-14
CL-00430,Genaro Garrido González,Lautaro 6553 Of. 3514,Concepción,Residencial,2019-09-06
CL-00431,Roberto Guillermo Venegas Saavedra,Camino Alberto Hurtado 419,Concepción,Residencial,2016-09-24
CL-00432,Guillermo Cárdenas Vergara,Moisés Araya 8079 Piso 29,Chiguayante,Residencial,2015-07-31
CL-00433,Pablo Andy Contreras Arredondo,Calle Las Rosas 2572,Hualpén,Residencial,2017-09-20
CL-00434,Vicente Manuel Escobar Aravena,Psje. Bilbao 80 Piso 42,Concepción,Residencial,2025-06-07
CL-00435,Felipe Gómez Briones,Calle Las Maravillas 7398 Dpto. 189,Concepción,Residencial,2015-05-01
CL-00436,Gonzalo Concha,Rosa Veas 386 Of. 333,Chiguayante,Residencial,2022-03-30
CL-00437,Víctor Torres-Martínez Bustamante,Las Mandarinas 7116,Concepción,Residencial,2017-08-14
CL-00438,Isabel Patricia Delgado Garrido,Manuel Baquedano 22 Piso 5,Chiguayante,Residencial,2015-12-27
CL-00439,Jorge Farías Vega,Calle Los Abedules 2335 Piso 7,Chiguayante,Residencial,2014-10-21
CL-00440,Soledad Bernarda Díaz Rodríguez,Av. Arturo Prat 351 Dpto. 780,Concepción,Residencial,2014-06-16
CL-00441,Verónica Gabriela Vargas Cartes,Av. Las Rosas 412 Of. 397,Concepción,Residencial,2019-09-01
CL-00442,Marisol Arias Toledo,Av. Caupolicán 972 Dpto. 70,San Pedro de la Paz,Residencial,2021-03-10
CL-00443,Andrés Román,Calle Las Maravillas 8821 Dpto. 8892,Talcahuano,Residencial,2024-07-02
CL-00444,Julia María López Contreras,Juan Valenzuela 1736,Talcahuano,Residencial,2013-04-27
CL-00445,Ángel Jaime Olivares López,Pasaje Los Copihues 29 Of. 9159,Chiguayante,Residencial,2020-05-30
CL-00446,Hugo Ángel Ríos Adasme,Calle Los Lirios 74,San Pedro de la Paz,Residencial,2022-04-05
CL-00447,Claudia Verónica Peña Rojas,Los Carrera 671 Of. 7798,San Pedro de la Paz,Residencial,2019-04-05
CL-00448,Luis Bernardo Rojo Yáñez,Calle Arturo Prat 94 Dpto. 50,Chiguayante,Residencial,2016-04-14
CL-00449,Pamela Riffo Ruiz,Portales 1 Of. 968,Talcahuano,Residencial,2015-01-14
CL-00450,Máximo Sebastián Sánchez Ortega,Pasaje Arturo Prat 63 Dpto. 37,Concepción,Residencial,2015-08-05
CL-00451,René Alfredo Ramos Contreras,Domingo Santa María 40,Chiguayante,Residencial,2023-10-28
CL-00452,Bernardo Bravo Beltrán,Camino John Miranda 30 Dpto. 7493,Talcahuano,Residencial,2021-06-09
CL-00453,Joaquín Olea Rodríguez,Alonso de Ercilla 56 Dpto. 174,Talcahuano,Residencial,2025-05-25
CL-00454,Marcela Dinamarca Peña,Avenida Francisco Villarroel 9712 Piso 72,San Pedro de la Paz,Residencial,2018-06-15
CL-00455,Claudio Inzunza,Sebastián Quintana 2163 Of. 373,Concepción,Industrial,2019-10-31
CL-00456,Pilar Macarena Rivera Ahumada,Los Helechos 2062 Of. 7138,Talcahuano,Comercial,2015-09-16
CL-00457,Claudia Sofía Castillo Rojas,Las Hortensias 48,Concepción,Residencial,2016-04-13
CL-00458,Martín Benjamín Retamal Álvarez,Arturo Prat 3254,Talcahuano,Residencial,2012-09-07
CL-00459,Ramon Ávila,Los Encinos 70 Piso 92,Concepción,Residencial,2020-07-06
CL-00460,Segundo Vicencio,Calle Catalina Correa 471,Concepción,Residencial,2023-08-17
CL-00461,Rosa Seguel,Carlos Guerrero 9116 Of. 3096,Concepción,Residencial,2021-04-23
CL-00462,Jesús Vallejos Concha,Pasaje Hernán González 2069,Hualpén,Residencial,2017-05-25
CL-00463,Carmen Zúñiga Peña,Calle Arturo Prat 779,Chiguayante,Residencial,2014-04-16
CL-00464,María Moreno,Andrea Trujillo 6794 Of. 3779,Hualpén,Residencial,2020-04-17
CL-00465,Rodrigo Medel,Calle Adriana Torres 5 Dpto. 550,San Pedro de la Paz,Residencial,2024-07-29
CL-00466,Arturo Antonio Canales Navarro,Los Digitales 48,Talcahuano,Residencial,2016-01-28
CL-00467,María Blanca Espinoza Garrido,Av. Diego Jaque 867 Piso 66,Concepción,Residencial,2014-07-07
CL-00468,Jesús Miguel Acuña Mora,Caupolicán 4833 Of. 4398,San Pedro de la Paz,Residencial,2020-10-08
CL-00469,Julieta María Soto Barra,Caupolicán 9271 Of. 774,Concepción,Residencial,2017-04-16
CL-00470,Thomas Claudio González Prado,Calle Vania Villalobos 36,San Pedro de la Paz,Residencial,2016-02-20
CL-00471,Luis Calderón Martínez,Avenida Gabriela Mistral 349 Of. 469,Concepción,Residencial,2022-01-10
CL-00472,Magdalena Francisca Miranda Fierro,Los Aromos 82 Piso 9,San Pedro de la Paz,Residencial,2014-12-27
CL-00473,Matías Ramón Reyes León,Calle Alonso de Ercilla 4155,Concepción,Residencial,2019-08-18
CL-00474,Josefa Rosa Araya Ávila,Calle María Marín 3775,San Pedro de la Paz,Residencial,2017-04-27
CL-00475,Alfonso Zenteno Romero,Calle Las Azucenas 2226 Of. 3965,Talcahuano,Residencial,2012-12-15
CL-00476,Sergio Christian Rodríguez Herrera,Avenida Caupolicán 8026,San Pedro de la Paz,Comercial,2021-10-08
CL-00477,Solange Soledad López Encina,Los Abedules 69 Piso 9,Concepción,Residencial,2013-08-07
CL-00478,José Álvaro Guzmán Cárcamo,Psje. Los Copihues 651 Dpto. 722,Talcahuano,Residencial,2019-06-16
CL-00479,Pamela Raquel Duarte Pérez,Psje. Verónica Ahumada 61,San Pedro de la Paz,Comercial,2019-10-20
CL-00480,Guillermo Molina Pineda,Avenida Las Rosas 6 Piso 93,Talcahuano,Residencial,2014-11-06
CL-00481,Pedro Juan Paredes Arriagada,Los Pinos 40,Hualpén,Residencial,2020-01-21
CL-00482,Raquel Bastías Correa,Calle Los Digitales 6471 Of. 102,Hualpén,Residencial,2023-12-28
CL-00483,Jaime Samuel Gómez Rojas,Portales 704 Piso 75,Talcahuano,Residencial,2019-03-10
CL-00484,Nicole Contreras,Psje. Camilo Paredes 841 Of. 915,Hualpén,Residencial,2020-09-27
CL-00485,Luz Sobarzo Aracena,Av. Luis Díaz 429,Hualpén,Residencial,2017-05-09
CL-00486,Nadia Maite Bravo Guerra,Calle Alonso de Ercilla 29,San Pedro de la Paz,Residencial,2016-07-02
CL-00487,Alexandra González,Isabella Montenegro 251,Concepción,Residencial,2014-09-07
CL-00488,José Luis Arenas Salinas,Calle Rubén Pérez 4106,Concepción,Residencial,2024-10-14
CL-00489,Pamela Beatriz Pérez Alvarado,Avda. Gabriela Mistral 437,San Pedro de la Paz,Residencial,2012-09-14
CL-00490,Fernanda Karen Fuentes Parada,Roxana Pizarro 19 Piso 2,San Pedro de la Paz,Residencial,2017-01-18
CL-00491,Tamara Cynthia Zapata Díaz,Psje. Cristian Martinez 231,Talcahuano,Residencial,2022-06-25
CL-00492,Mireya Rojas Pérez,Av. Marcos Araya 794,Hualpén,Residencial,2020-09-19
CL-00493,Tomás Matías Abarca Abarca,Calle Matilda Mansilla 344 Dpto. 601,Concepción,Residencial,2021-04-06
CL-00494,Gustavo Martínez Bascuñán,Avenida Manuel Montt 2 Piso 29,Concepción,Residencial,2012-10-10
CL-00495,Clara Hernández Silva,Los Aromos 67 Piso 64,Talcahuano,Residencial,2014-12-19
CL-00496,Jazmín Alexandra Muñoz Ibáñez,Calle María Rivera 775,Talcahuano,Residencial,2018-07-01
CL-00497,Rafael Ignacio Díaz Aguilera,Los Lirios 3660 Piso 6,Hualpén,Comercial,2014-06-15
CL-00498,Marcelo Rodrigo Castro Rodríguez,Arturo Prat 32 Of. 223,Concepción,Residencial,2013-05-15
CL-00499,Daniela Salinas Muñoz,Los Higos 7307 Dpto. 448,San Pedro de la Paz,Residencial,2012-05-13
CL-00500,Bárbara Mónica Sepúlveda Letelier,Flor Alarcón 82 Of. 205,San Pedro de la Paz,Residencial,2021-03-19
CL-00501,Yaritza Abarca Olivares,Las Hortensias 4387 Piso 7,Hualpén,Residencial,2022-05-22
CL-00502,Camilo Pedro Pérez Miranda,Calle Felipe Hidalgo 992 Piso 35,Talcahuano,Residencial,2022-05-13
CL-00503,Patricia Robles,Juliana Díaz 463 Piso 83,Concepción,Comercial,2024-09-27
CL-00504,María Cáceres,Miguel Pardo 425 Of. 499,Chiguayante,Residencial,2015-05-17
CL-00505,Benjamín Paredes,Gladys González 316 Of. 9518,Hualpén,Residencial,2020-02-17
CL-00506,Marcelo Matías Marín Cáceres,Calle Portales 15 Piso 3,Concepción,Residencial,2022-12-10
CL-00507,Jennifer Catalina Estay Vallejos,Gabriela Mistral 582,San Pedro de la Paz,Residencial,2024-12-17
CL-00508,Eduardo Francisco Vergara Olguín,Los Pinos 483 Of. 591,Chiguayante,Residencial,2024-03-11
CL-00509,María Correa,Humberto Fernández 16,San Pedro de la Paz,Residencial,2011-10-22
CL-00510,Ana Carvajal Gutiérrez,Calle Los Robles 8615 Dpto. 676,Chiguayante,Residencial,2024-02-01
CL-00511,Dania Josefina Soto Lazo,Calle Los Encinos 57,Hualpén,Residencial,2016-12-13
CL-00512,Mariana Paola Paz Pérez,Rosa Madariaga 6587,Talcahuano,Residencial,2015-05-23
CL-00513,Moisés Juan Mora Alarcón,Los Alerces 606,San Pedro de la Paz,Comercial,2014-06-14
CL-00514,Valentina Verónica Arévalo Cruz,Calle Armando Muñoz 9990 Dpto. 27,San Pedro de la Paz,Residencial,2013-05-20
CL-00515,Margarita María Fuentes Oyarzún,Calle Carlos Valdebenito 2555,Concepción,Residencial,2013-04-03
CL-00516,Camila Bárbara Orellana Alvarado,Lautaro 980 Piso 6,Concepción,Residencial,2015-07-15
CL-00517,Fernanda Carmen Contreras Martínez,Calle Ana Ferrada 1308,Talcahuano,Residencial,2022-07-06
CL-00518,Hilda Muñoz,Calle María Albornoz 92,Chiguayante,Comercial,2019-10-30
CL-00519,María Elizabeth Figueroa Moreno,Gabriela Mistral 960 Piso 7,San Pedro de la Paz,Residencial,2015-09-16
CL-00520,Barbara María Orellana Peña,Juan Fuentes 1397 Piso 91,Concepción,Residencial,2022-05-13
CL-00521,Gabriela Sylvia Morales González,Domingo Santa María 594,Hualpén,Comercial,2017-02-04
CL-00522,Rosa Oyarzo-Miranda Osorio,Sergio Zambrano 64 Dpto. 2854,Talcahuano,Residencial,2016-01-25
CL-00523,Valentina Huerta González,Las Hortensias 9,San Pedro de la Paz,Comercial,2015-06-07
CL-00524,Claudio Silva,Calle María Robles 43 Of. 5438,Chiguayante,Residencial,2013-07-23
CL-00525,Martina Muñoz,Calle Filomena Valenzuela 440,Chiguayante,Residencial,2019-08-20
CL-00526,Ignacio Bernardo Campos Muñoz,Esmeralda 66,Talcahuano,Residencial,2023-03-06
CL-00527,Sofía Patricia Vásquez Céspedes,Ramón Barros Luco 97 Of. 243,Talcahuano,Residencial,2013-11-03
CL-00528,Víctor Álvarez Zúñiga,Avenida Los Alerces 50,Concepción,Industrial,2023-05-02
CL-00529,Margarita Claudia Fuentes Urbina,Pedro de Valdivia 7533 Of. 5511,Concepción,Residencial,2015-09-10
CL-00530,Valeska Vilches Carrera,Av. Manuel Rodríguez 8310 Dpto. 01,San Pedro de la Paz,Residencial,2022-01-18
CL-00531,Viviana Alicia Rosas Cárdenas,Mercedes Sánchez 3971 Dpto. 116,Chiguayante,Residencial,2014-05-30
CL-00532,Felipe Manuel Elgueta Cofré,Manuel Rodríguez 2090 Piso 44,San Pedro de la Paz,Residencial,2022-12-17
CL-00533,Mauricio Fuentealba-Dinamarca,Avenida Los Copihues 7700 Of. 1736,San Pedro de la Paz,Residencial,2019-11-28
CL-00534,Romina Carmen Mamani Montoya,Emilia Faúndez 955,Talcahuano,Industrial,2017-12-24
CL-00535,Francisco Arce-Berríos,Lautaro 6296,Chiguayante,Residencial,2022-01-04
CL-00536,Leandro Torres,Lautaro 6786 Piso 31,San Pedro de la Paz,Residencial,2019-09-24
CL-00537,Hilda Vivanco,Caupolicán 182 Piso 8,Chiguayante,Residencial,2022-10-30
CL-00538,Sandro Poblete Poblete,César Quiroz 39 Dpto. 261,Concepción,Residencial,2020-05-14
CL-00539,Jesus Leiva-Herrera Leiva,María Armijo 623,Talcahuano,Residencial,2015-09-30
CL-00540,Francisco Martín González Zepeda,Calle Cochrane 78 Dpto. 295,Concepción,Residencial,2014-07-21
CL-00541,Enrique Cesar Hermosilla García,Av. Enzo Flores 3817 Dpto. 543,San Pedro de la Paz,Residencial,2023-01-11
CL-00542,Fredy Suárez Arce,Calle María Silva 8114,Hualpén,Residencial,2015-03-18
CL-00543,Paola Jaque,Juan Mackenna 7945,Concepción,Residencial,2023-05-23
CL-00544,Matías Luis Martínez Pulgar,Calle Valeria Garay 890 Dpto. 1875,Hualpén,Residencial,2012-08-28
CL-00545,Lidia Torres,Jean Romero 157 Piso 20,Hualpén,Comercial,2020-11-20
CL-00546,Franchesca Fuenzalida Araya,Calle Los Piñones 6176 Dpto. 597,Talcahuano,Residencial,2014-01-30
CL-00547,Fernanda Inés Silva Barraza,Avenida María Guerra 808 Dpto. 5982,Concepción,Residencial,2017-04-30
CL-00548,Andrea Droguett,Calle Las Manzanillas 527,Hualpén,Residencial,2024-04-17
CL-00549,Ángela Martha Ferreira Espinoza,Calle Manuel Rodríguez 8213,Talcahuano,Residencial,2021-08-07
CL-00550,Claudia Valdivia,Calle Aurora Ibáñez 16 Piso 2,Chiguayante,Residencial,2019-06-24
CL-00551,Carlos Briceño-Pérez Pereira,Marlene Araya 311 Dpto. 829,Talcahuano,Residencial,2012-10-11
CL-00552,Natalia Vargas,Alonso de Ribera 816 Dpto. 246,Chiguayante,Residencial,2017-04-12
CL-00553,Cristian Luis González Vega,Av. Las Maravillas 468,Talcahuano,Residencial,2025-05-23
CL-00554,Filomena Medina,Calle Arturo Alessandri Palma 678,Hualpén,Comercial,2011-11-24
CL-00555,Juan Oscar Loyola Lara,Los Piñones 3 Of. 961,San Pedro de la Paz,Residencial,2021-01-31
CL-00556,María Colomba Álvarez Cortés,Calle Rosa Becerra 2080,Talcahuano,Residencial,2019-04-01
CL-00557,Camila Mónica Canales Guerrero,Luz Tapia 45 Piso 3,Concepción,Residencial,2014-08-06
CL-00558,Marisol Trinidad Escobar Muñoz,Los Tilos 9268 Dpto. 22,Concepción,Residencial,2014-08-18
CL-00559,Lucy Carolina Rodríguez Fuentes,Marcel Díaz 5653 Piso 10,Chiguayante,Residencial,2013-02-03
CL-00560,Alex Barraza Vargas,Alonso de Ribera 856 Of. 8323,Hualpén,Residencial,2013-01-03
CL-00561,José Cristóbal Olguín Sepúlveda,Jacqueline Vidal 2906,Chiguayante,Residencial,2016-12-29
CL-00562,Matías Álvaro Arriagada Fuentes,Avda. José Vásquez 6548,Concepción,Residencial,2013-12-01
CL-00563,Sebastián Juan Villanueva Herrera,Los Girasoles 398 Piso 5,Concepción,Residencial,2022-07-14
CL-00564,Mateo Juan Navarrete Flores,Los Aromos 514 Piso 4,Concepción,Residencial,2019-07-15
CL-00565,Natalia Valentina Cáceres Araya,Los Alerces 454 Piso 58,Talcahuano,Residencial,2013-02-16
CL-00566,Samuel Iván Pérez Jara,Katherine Correa 52 Dpto. 4958,Hualpén,Residencial,2022-05-28
CL-00567,Macarena Ximena Riffo-Peralta Olivares,Avda. José de San Martín 6527,Talcahuano,Residencial,2014-12-30
CL-00568,Bárbara Oliva,Baquedano 97,Talcahuano,Residencial,2019-12-18
CL-00569,Jordán Rafael Cárdenas Estay,Calle Juan Silva 186 Dpto. 8934,San Pedro de la Paz,Residencial,2021-10-11
CL-00570,Valeria Silva Riveros,Calle Ramona Troncoso 717 Piso 5,Talcahuano,Residencial,2012-01-06
CL-00571,Steven Parada-Silva Romero,Calle Renato Droguett 9141,Talcahuano,Residencial,2022-02-05
CL-00572,Natividad Isabella Urra Castro,Avda. Max Barría 2900 Piso 59,Chiguayante,Residencial,2014-04-07
CL-00573,María Vega,Calle Trinidad Donoso 3853 Dpto. 489,Talcahuano,Residencial,2014-10-13
CL-00574,Pedro Fernando Cea Fuenzalida,Calle María Martínez 894 Dpto. 413,Hualpén,Comercial,2025-02-23
CL-00575,Florencia Pamela Sepúlveda Quezada,Camila Hernández 5103 Piso 89,San Pedro de la Paz,Comercial,2014-07-22
CL-00576,Gisela Toro,Calle María Villegas 769,San Pedro de la Paz,Comercial,2024-05-20
CL-00577,Martín Miguel Salazar Molina,Luciano Fuentes 668,Concepción,Residencial,2017-05-29
CL-00578,María Vásquez Morales,Calle Las Rosas 49 Piso 2,San Pedro de la Paz,Residencial,2018-04-15
CL-00579,María Echeverría Carrasco,Avda. Manuel Herrera 434 Piso 19,Talcahuano,Industrial,2022-09-27
CL-00580,Raimundo Brito González,Calle Alonso de Ribera 156,Concepción,Residencial,2024-12-08
CL-00581,Juana Victoria Astudillo Soto,Manuel Montt 5453 Piso 34,Talcahuano,Residencial,2015-05-16
CL-00582,Rose Teresa Jaramillo Sánchez,Av. Fabiola Arriagada 70,San Pedro de la Paz,Residencial,2022-08-30
CL-00583,Jorge Castillo Oyarzo,Avda. Arturo Prat 91 Dpto. 841,Talcahuano,Residencial,2015-06-25
CL-00584,Johana Faúndez Moreno,Av. Pedro Montero 2428 Dpto. 19,Talcahuano,Comercial,2023-02-04
CL-00585,Oscar Luis Rubilar Segura,Fernando Romero 2039 Dpto. 14,Hualpén,Residencial,2019-03-06
CL-00586,Damián Alan Valenzuela Navarro,Renato Cárcamo 6230 Dpto. 48,Concepción,Residencial,2021-03-20
CL-00587,Margarita Beltrán Yáñez,Calle Fernando Arce 5959 Piso 33,Concepción,Residencial,2012-10-12
CL-00588,María Laura Aguilar Torres,Calle Angélica Muñoz 3,Concepción,Residencial,2012-05-29
CL-00589,Cecilia Martínez Matamala,Calle Las Mosquetas 968,Concepción,Residencial,2012-07-14
CL-00590,Juana Vega Martínez,Fernando Pacheco 799 Piso 38,Concepción,Residencial,2017-08-13
CL-00591,Noelia Pacheco,Av. Manuel Arriagada 741 Piso 66,Concepción,Residencial,2019-12-12
CL-00592,Isabel María Oyarzún Fuentealba,Los Aromos 73,Hualpén,Comercial,2012-01-25
CL-00593,Nelson Rivas,Las Mosquetas 724,Concepción,Residencial,2025-06-15
CL-00594,Gerardo Matías Galdames Cuevas,Calle Francisco Guzmán 677,Talcahuano,Residencial,2024-04-05
CL-00595,Diego Víctor Cáceres Concha,Los Higos 303,San Pedro de la Paz,Residencial,2012-10-25
CL-00596,Ana Jacqueline Ponce Villanueva,Calle Los Coihues 266,Talcahuano,Residencial,2017-02-22
CL-00597,Tomás Gómez Rodríguez,Lautaro 207 Piso 5,Hualpén,Residencial,2025-03-11
CL-00598,Bastián Osses-Vargas Ahumada,Carlos Arcos 1840 Of. 638,Concepción,Residencial,2019-08-21
CL-00599,Carolina Liliana Madrid Plaza,Lastarria 1545 Of. 8917,Concepción,Residencial,2021-06-26
CL-00600,Ignacia Zapata Moraga,Alexis Mora 8265,Concepción,Residencial,2020-10-26
CL-00601,Valentina Olivares-Vega,Calle Lukas Soto 163 Dpto. 40,Concepción,Comercial,2012-09-13
CL-00602,Ignacio Flores Gálvez,Catalina Véliz 96 Of. 143,Concepción,Residencial,2011-11-21
CL-00603,Segundo Johan Cifuentes Salinas,Calle Los Aromos 2727,Concepción,Residencial,2023-06-01
CL-00604,Lucila Torres,Las Mosquetas 69,Concepción,Residencial,2020-09-21
CL-00605,Cristian Omar Solís Flores,Calle Las Azucenas 65 Of. 9294,Concepción,Residencial,2024-06-15
CL-00606,María Florencia Quiroz Tapia,Calle Manuel Rodríguez 84,Talcahuano,Residencial,2024-01-19
CL-00607,Valentina Marcela Rubilar Pizarro,Psje. Manuel Rodríguez 31 Of. 4333,Concepción,Residencial,2012-01-30
CL-00608,Jenifer Díaz Echeverría,Oscar Zúñiga 595,Talcahuano,Comercial,2018-12-15
CL-00609,Mónica Gómez,Calle Alicia Escalona 7506,Talcahuano,Residencial,2023-03-03
CL-00610,Luis Fuentes,Calle Alexi Núñez 843 Piso 6,Hualpén,Industrial,2017-05-19
CL-00611,Johan Navarro Cortés,Mac Iver 6252 Of. 261,Concepción,Residencial,2017-05-18
CL-00612,Antonella Osorio Torres,Calle Gabriela Mistral 12,Chiguayante,Residencial,2013-03-16
CL-00613,Margarita Fresia Hernández Baeza,Los Abedules 2455,Hualpén,Residencial,2024-05-12
CL-00614,María Cabrera Ulloa,Av. Benjamín Muñoz 109,Concepción,Comercial,2025-07-12
CL-00615,Sergio Muñoz,Av. Orlando Leiva 2498,San Pedro de la Paz,Residencial,2022-01-04
CL-00616,José Rodrigo Gallegos Ramírez,Calle Tomás Castro 881 Of. 1346,San Pedro de la Paz,Residencial,2012-07-20
CL-00617,Francisca Uribe Jara,Las Mosquetas 584,Concepción,Residencial,2020-03-25
CL-00618,Guillermo Carlos Oyarzo Gómez,Mac Iver 833 Dpto. 20,Concepción,Residencial,2012-02-04
CL-00619,Cristóbal Núñez Cisterna,Calle Ricardo Sepúlveda 4559,Chiguayante,Residencial,2015-08-17
CL-00620,Mary Antonia Flores Páez,Manuel Bulnes 58 Of. 1373,Chiguayante,Comercial,2013-03-31
CL-00621,Daniela Yasna López Araneda,Calle María Astorga 36 Piso 67,Concepción,Residencial,2023-05-18
CL-00622,Emilia Magdalena Muñoz Jerez,Av. Rubén Neira 192 Dpto. 646,Concepción,Residencial,2014-05-07
CL-00623,José Abner Ponce Ojeda,Av. Manuel Rodríguez 343,Talcahuano,Comercial,2018-07-26
CL-00624,Pablo Molina Guerrero,Avda. Las Rosas 69 Piso 0,Talcahuano,Residencial,2021-12-08
CL-00625,Leonardo César Gómez Ponce,Manuel Sepúlveda 984 Piso 8,Hualpén,Industrial,2016-02-23
CL-00626,Angélica Claudia Avendaño Rodríguez,Calle Caupolicán 187 Piso 5,Talcahuano,Residencial,2019-04-16
CL-00627,Ana Rosa Fuentes Fuentes,Isabella Cabezas 467 Piso 9,Talcahuano,Residencial,2023-12-22
CL-00628,Manuel Santiago Gómez Muñoz,Calle Las Margaritas 53 Piso 4,Chiguayante,Residencial,2025-06-27
CL-00629,Margot Martina González Cifuentes,Calle Lautaro 2060,Concepción,Comercial,2014-06-22
CL-00630,Miriam Sepúlveda,Cristopher Guerrero 184 Piso 9,Concepción,Residencial,2014-04-21
CL-00631,Alex Juan Castro Reyes,Av. Los Carrera 2306 Piso 13,Chiguayante,Residencial,2017-06-30
CL-00632,Gabriela Ana Torres Muñoz,Pasaje Antonio Hernández 7462,San Pedro de la Paz,Residencial,2021-04-10
CL-00633,Felipe Urrutia,Calle Luciano Álvarez 9,Talcahuano,Residencial,2019-06-16
CL-00634,José Rubilar Ponce,Camino Bernardo O'Higgins 2,Talcahuano,Residencial,2020-12-08
CL-00635,Claudio Maximiliano Mondaca Soto,Calle Ricardo Silva 88 Of. 517,Concepción,Residencial,2018-05-04
CL-00636,Gloria Linda Sánchez Vega,Calle Los Carrera 240 Dpto. 322,Talcahuano,Comercial,2024-09-08
CL-00637,Lidia Berríos Contreras,Arturo Prat 26 Of. 363,Talcahuano,Residencial,2019-10-28
CL-00638,Astrid Carolina Olivares Farías,Jocelyn Díaz 4 Of. 8786,Concepción,Residencial,2014-06-01
CL-00639,Patricia Vera Figueroa,Av. María Flores 605 Piso 80,Concepción,Residencial,2019-02-24
CL-00640,Angelo Bobadilla López,Av. Cristóbal Toro 9277,Talcahuano,Residencial,2012-05-12
CL-00641,Pamela María Vargas Herrera,Avenida Casanova 1864 Dpto. 704,Concepción,Residencial,2016-01-28
CL-00642,Matilde Venegas Poblete,Calle Los Digitales 9,Talcahuano,Residencial,2018-04-08
CL-00643,Isidora Bustos Cruz,Calle Balmaceda 2452 Dpto. 289,Concepción,Residencial,2023-07-06
CL-00644,Víctor Vergara Concha,Avda. Los Pinos 42,Talcahuano,Residencial,2023-11-29
CL-00645,Gabriel Millán,Calle Fernanda Vallejos 91,Concepción,Residencial,2022-08-10
CL-00646,Carlos Galleguillos Rubilar,Mateo Rodríguez 704 Dpto. 54,San Pedro de la Paz,Residencial,2013-03-01
CL-00647,Nicole Constanza Veloso Rojas,Psje. Pedro Montt 6707,Hualpén,Residencial,2023-10-25
CL-00648,Daniel Reyes Navarro,Luis Martínez 23 Piso 2,Hualpén,Residencial,2022-06-30
CL-00649,Jimena Natalia Contreras Vidal,Calle Caupolicán 1836,Chiguayante,Residencial,2012-11-27
CL-00650,Pamela Amanda González Soto,Ivonne Carrillo 7830 Dpto. 696,Talcahuano,Residencial,2021-01-31
CL-00651,Marcela Salinas Castillo,Pedro Montt 54,Concepción,Residencial,2024-07-03
CL-00652,Emilia Rojas,Jimena Silva 197,Talcahuano,Residencial,2022-12-22
CL-00653,Gabriel Maximiliano Godoy Correa,Pedro Montt 32,Hualpén,Residencial,2025-06-27
CL-00654,Iris Daniela Jara Palacios,Calle María Viveros 71,Chiguayante,Residencial,2015-10-15
CL-00655,Jacqueline Beatriz Muñoz Martínez,Calle Ana González 2106,Talcahuano,Residencial,2018-01-13
CL-00656,Camilo Rodríguez Arias,Calle Claudia Pacheco 7556 Of. 884,Concepción,Residencial,2023-09-07
CL-00657,Daniel Navarro,Calle Catalina Burgos 83,Concepción,Residencial,2013-10-20
CL-00658,Ana Zúñiga Casanova,Calle Los Naranjos 1720 Of. 578,Talcahuano,Residencial,2024-08-06
CL-00659,Jennifer Peña Correa,Av. Caupolicán 9607 Dpto. 597,Hualpén,Residencial,2019-04-27
CL-00660,Victoria Nancy Rojas Piña,Avenida Margarita Aravena 427 Piso 2,Hualpén,Residencial,2020-09-17
CL-00661,Carla Martha Torres Acuña,Los Calafates 2882,Talcahuano,Residencial,2015-08-04
CL-00662,Andrea Ángela Aranda Yáñez,Los Aromos 548 Of. 260,San Pedro de la Paz,Residencial,2013-03-17
CL-00663,Henry Máximo Sánchez-Pineda Prieto,Calle Los Palmitos 98,Hualpén,Residencial,2023-04-21
CL-00664,Eduardo Ramón Mella Gómez,Los Girasoles 7058,Concepción,Residencial,2017-12-20
CL-00665,Josefina Piña,Calle Esmeralda 56 Of. 4496,Concepción,Residencial,2020-05-21
CL-00666,Evelyn Sandra Vergara Catalán,Manuel Baquedano 15,Concepción,Industrial,2015-12-24
CL-00667,Lucrecia Yáñez Meza,Los Aromos 7573 Of. 201,Concepción,Residencial,2024-04-04
CL-00668,Diego Alejandro Donoso Burgos,Álvaro Casanova 281,Concepción,Residencial,2024-08-11
CL-00669,Danilo Fernández Bastías,Calle Manuel Miranda 2096 Piso 49,Concepción,Residencial,2012-08-03
CL-00670,María Daniela Cifuentes Fuentes,Los Copihues 914,Concepción,Residencial,2024-07-20
CL-00671,Juana Francisca Olguín Gajardo,Calle Manuel Rodríguez 7073,Concepción,Residencial,2014-07-10
CL-00672,José Román Rodríguez,Calle Pedro Montt 14 Piso 85,San Pedro de la Paz,Residencial,2017-08-23
CL-00673,Luciana Andrade Toro,Avda. Los Copihues 343,Concepción,Residencial,2023-06-05
CL-00674,Humberto Fernández Barrera,Avda. Marcia Ramírez 1247,Talcahuano,Residencial,2016-09-12
CL-00675,Nayareth Juanita Herrera Paredes,Avenida María Gálvez 55 Of. 262,Talcahuano,Residencial,2016-11-12
CL-00676,Andrés Gaspar Leyton Palacios,Alonso de Ercilla 782 Dpto. 12,San Pedro de la Paz,Residencial,2023-08-01
CL-00677,Lidia Mardones Guerrero,Vicuña Mackenna 9248,Concepción,Residencial,2014-03-01
CL-00678,Ivette Álvarez Torres,Los Abedules 99 Of. 8933,Talcahuano,Residencial,2012-07-17
CL-00679,Patricia Jacqueline Vera Garrido,Calle Las Hortensias 5036 Piso 28,San Pedro de la Paz,Residencial,2019-04-19
CL-00680,Karina Valentina Carrasco Pereira,Pasaje Francisco Cruz 91,San Pedro de la Paz,Residencial,2025-01-12
CL-00681,Benjamín José Marambio Durán,Ramón Picarte 3283 Dpto. 08,Chiguayante,Residencial,2012-01-24
CL-00682,Luisa Antonia Barra Cortés,Los Aromos 3458,Concepción,Residencial,2020-06-16
CL-00683,Juan Mauricio Olivares Alvarado,Calle Los Alerces 3318,Concepción,Residencial,2015-10-06
CL-00684,Manuel Miguel Riquelme Espinoza,Calle Ramón Freire 85 Dpto. 45,Hualpén,Residencial,2025-02-15
CL-00685,Micaela Estefanía Allende González,Avda. Caupolicán 20,San Pedro de la Paz,Residencial,2020-09-29
CL-00686,Jeanette Julia Arancibia Estrada,Avda. Alexander Toledo 8371 Of. 150,Talcahuano,Comercial,2016-11-04
CL-00687,Celeste Marilyn Vega Ortega,Gabriela Mistral 5844 Dpto. 518,Hualpén,Comercial,2022-06-29
CL-00688,Bernardo Miranda,Edgar Díaz 1489 Piso 16,Concepción,Residencial,2025-07-09
CL-00689,María Haydée Ramírez Moreno,Los Cactus 4004 Piso 25,Chiguayante,Residencial,2013-11-28
CL-00690,Fabiana Lorena González Díaz,Pedro Sepúlveda 713 Dpto. 648,Concepción,Residencial,2020-07-08
CL-00691,Luciana Romero Rodríguez,Manuel Rodríguez 9960,Talcahuano,Residencial,2013-03-16
CL-00692,Rosalba Suárez Pacheco,Los Laureles 936,Talcahuano,Comercial,2015-07-07
CL-00693,Carolina Navarro Carrasco,Antonia Moyano 38 Dpto. 110,Talcahuano,Residencial,2012-03-17
CL-00694,Domingo Gabriel Venegas Araya,Av. Los Helechos 18 Piso 4,Concepción,Residencial,2021-06-24
CL-00695,César Patricio González Catalán,Los Palmitos 963 Of. 516,Concepción,Residencial,2012-09-10
CL-00696,Valeria Riveros Toledo,Calle Matta 58,Hualpén,Residencial,2016-03-27
CL-00697,Allison Ana Fuenzalida Gómez,Calle Los Palmitos 62 Of. 486,Concepción,Residencial,2016-03-06
CL-00698,Claudio Campos Villalobos,Calle Las Mosquetas 3646 Piso 15,Hualpén,Comercial,2017-04-17
CL-00699,Luis Pablo Berríos Navarrete,Eliodoro Yáñez 1243,Concepción,Residencial,2020-10-29
CL-00700,Graciela Guadalupe Vilches Barraza,Los Calafates 9448,Talcahuano,Residencial,2025-01-22
CL-00701,David Sáez,Avda. Paola Sáez 624,Talcahuano,Industrial,2014-02-19
CL-00702,Julio Martín Benítez Tapia,Las Hortensias 60,Concepción,Residencial,2012-06-20
CL-00703,Alejandra Zúñiga,Avenida Los Laureles 5,Talcahuano,Residencial,2019-03-18
CL-00704,Camila Daniela Zambrano Ramírez,Pasaje Javiera Gaete 684,Concepción,Residencial,2022-12-08
CL-00705,Ian Rubilar Marambio,Eliodoro Yáñez 21,Concepción,Residencial,2016-04-04
CL-00706,Ximena Sandra Díaz Soto,Fernando Mondaca 4093 Of. 813,San Pedro de la Paz,Comercial,2025-07-07
CL-00707,Martina Rosa León Rodríguez,Picarte 1,Talcahuano,Residencial,2013-12-30
CL-00708,Elizabeth Peña,Avda. Los Copihues 99 Piso 25,Chiguayante,Residencial,2020-09-21
CL-00709,Karina Elena Riquelme Cortés,Thomas Cofré 18 Dpto. 23,Concepción,Residencial,2021-11-22
CL-00710,Víctor Francisco Mancilla Alarcón,Lautaro 1298,Hualpén,Comercial,2024-01-18
CL-00711,Marcia Priscilla Henríquez Figueroa,Lastarria 574,Chiguayante,Residencial,2011-07-27
CL-00712,Carlos Salas Astorga,Alonso de Ercilla 395,Hualpén,Residencial,2020-05-26
CL-00713,Lorena Valentina Luna Díaz,Calle Antonio Varas 59,Talcahuano,Residencial,2015-07-02
CL-00714,Oscar José Pinto Orellana,Sebastián Reyes 350,Talcahuano,Comercial,2021-08-17
CL-00715,Ximena Navarrete,Calle Pía Jaque 282 Dpto. 6274,Talcahuano,Residencial,2012-06-13
CL-00716,Aurora Emilia Araya Rebolledo,Pasaje Las Manzanillas 34,San Pedro de la Paz,Residencial,2021-06-11
CL-00717,Gabriela Agustina Campos Cárdenas,Av. Las Rosas 45 Piso 76,Chiguayante,Residencial,2019-09-17
CL-00718,Millaray Cabrera,Ángel Contreras 1003,San Pedro de la Paz,Residencial,2019-11-25
CL-00719,Ricardo Jorge Pulgar Villalobos,Gabriela Mistral 11,Concepción,Comercial,2020-02-17
CL-00720,Alicia Figueroa Espinoza,Avenida Juan Arredondo 6234 Piso 90,Chiguayante,Residencial,2018-10-29
CL-00721,Paola María Castillo Maureira,Pedro de Valdivia 976,San Pedro de la Paz,Residencial,2024-05-06
CL-00722,Ricardo José Arteaga García,Sofía Bustos 5013,Concepción,Residencial,2016-07-24
CL-00723,Carol Cynthia Vargas Navarrete,Lisandro Oyarzún 9378,Concepción,Residencial,2017-01-02
CL-00724,Rodrigo Ojeda Zambrano,Álvaro Casanova 1591,Chiguayante,Residencial,2015-06-29
CL-00725,Dina Karen Rivera Mellado,Los Aromos 990,Hualpén,Residencial,2019-07-10
CL-00726,Ángela Anahí Morales Hernández,Blanca Díaz 8920 Piso 9,Chiguayante,Residencial,2024-10-31
CL-00727,Manuel Flores Riquelme,Roxana Marín 799 Of. 848,Concepción,Residencial,2014-08-19
CL-00728,Daniela Marianela Jorquera Jiménez,Calle Rodrigo Molina 4 Dpto. 159,Chiguayante,Residencial,2012-05-10
CL-00729,Carlos Alan González Muñoz,Valeria Paz 3231 Dpto. 742,Concepción,Residencial,2016-09-15
CL-00730,Norma María Velásquez Rojas,Maritza Olea 861 Piso 30,Concepción,Residencial,2019-10-24
CL-00731,Gerson Julio Poblete González,Calle Las Mandarinas 6935,Concepción,Residencial,2020-05-04
CL-00732,Juana Pérez Peña,Luis Brito 14,Chiguayante,Residencial,2021-10-06
CL-00733,Camila Avendaño,Salvador Allende Gossens 7 Piso 0,Hualpén,Comercial,2017-08-06
CL-00734,Catherine Torres Villalobos,Fresia Navarrete 7418 Of. 765,Talcahuano,Residencial,2016-05-29
CL-00735,Miguel Aguilera Farías,Calle Lautaro 6238,Talcahuano,Residencial,2020-10-29
CL-00736,Luis Víctor Espinosa Yáñez,Calle Portales 523 Of. 140,San Pedro de la Paz,Residencial,2017-03-01
CL-00737,Juan Oscar Cabrera Muñoz,Calle Miriam Moreno 161 Dpto. 68,Talcahuano,Comercial,2016-08-28
CL-00738,Rosa Nicole López Cerda,Av. Isidora Badilla 20,Chiguayante,Residencial,2022-06-08
CL-00739,Aurora Calderón,Juan Calderón 1915 Piso 6,Talcahuano,Residencial,2015-09-08
CL-00740,María Susana Araya Rubio,Pabla Cuevas 405,Talcahuano,Residencial,2013-07-30
CL-00741,Macarena Monserrat Vallejos Astudillo,Calle Los Tilos 794 Dpto. 707,Talcahuano,Residencial,2025-05-28
CL-00742,Mario Francisco Espinosa Fernández,Claudia González 87,Concepción,Residencial,2017-10-24
CL-00743,Catalina Emma Arenas Acuña,Camino Las Rosas 51 Dpto. 268,Chiguayante,Residencial,2021-09-05
CL-00744,Lucas Alonso Cortés Riquelme,Calle María López 35,Talcahuano,Industrial,2017-12-01
CL-00745,Cristian Candia Romero,Los Copihues 278,Concepción,Residencial,2016-12-29
CL-00746,Esteban Marcos Zúñiga Barra,Calle Los Copihues 21 Of. 720,San Pedro de la Paz,Residencial,2013-05-28
CL-00747,Olga Valentina Tapia Jara,Mac Iver 6789,Talcahuano,Residencial,2020-09-07
CL-00748,Leticia Correa Ibarra,Calle Manuel Montt 58 Piso 4,Talcahuano,Residencial,2017-03-18
CL-00749,Carlos Castillo Ortiz,Verónica Morales 280,San Pedro de la Paz,Residencial,2011-11-26
CL-00750,Leonardo Neira Martínez,Calle Los Laureles 7341 Piso 8,Hualpén,Residencial,2016-11-24
CL-00751,María Daniela Belmar Alarcón,Las Mandarinas 38,Concepción,Residencial,2011-08-26
CL-00752,Juan José Molina Solar,Calle Colo Colo 99,San Pedro de la Paz,Comercial,2011-11-09
CL-00753,Josefina Marisol Barros Cancino,Avenida Eusebio Lillo 8857,Hualpén,Residencial,2012-02-21
CL-00754,Javiera Ignacia Montecinos Fernández,Eliodoro Yáñez 38,Talcahuano,Residencial,2015-08-28
CL-00755,Jaime Reyes Hernández,Alonso de Ribera 9707 Of. 2668,Concepción,Comercial,2025-07-10
CL-00756,José Manuel Morán Oyarzún,Michimalonco 38,Chiguayante,Residencial,2024-06-06
CL-00757,Guillermo Jaime Mansilla Díaz,Lautaro 321,Hualpén,Residencial,2013-02-04
CL-00758,Michael Lukas Vergara Pineda,Avenida Martina Martínez 6,Talcahuano,Residencial,2014-08-27
CL-00759,Jorge Quinteros Venegas,Los Aromos 714,San Pedro de la Paz,Residencial,2025-05-09
CL-00760,Luis Juan Álvarez Benítez,Calle Diego Barros Arana 3,Chiguayante,Residencial,2016-10-31
CL-00761,Angelina Huerta,Paula Navarro 908 Of. 7439,Concepción,Residencial,2020-08-12
CL-00762,Estefany Poblete Córdova,Calle Paul Monsalve 49,Concepción,Residencial,2024-12-28
CL-00763,Jessica Henríquez,Renata Valenzuela 3 Piso 99,Concepción,Comercial,2023-08-06
CL-00764,Rosa María Ulloa Droguett,Calle Manuel Montt 1,Chiguayante,Residencial,2015-03-10
CL-00765,Elizabeth Edita Lagos González,Calle Diego Barros Arana 86 Piso 7,Concepción,Residencial,2022-07-25
CL-00766,María Beatriz Faúndez Díaz,Pasaje Los Aromos 219,Hualpén,Residencial,2018-09-15
CL-00767,Cecilia Danae Sánchez Benítez,Las Hortensias 368 Of. 9963,Chiguayante,Residencial,2022-06-07
CL-00768,Victoria Fuentes,Los Aromos 9085,San Pedro de la Paz,Residencial,2012-12-22
CL-00769,Javiera Fuentes,Ramón Picarte 135,Talcahuano,Residencial,2011-08-12
CL-00770,Carlos Rodríguez Gamboa,Avenida Los Alerces 76 Of. 895,Chiguayante,Residencial,2025-02-04
CL-00771,Julia Baeza Sanhueza,Calle Paula Jaraquemada 65,Concepción,Residencial,2025-04-07
CL-00772,Andrés Alejandro Alvarez Brito,Calle Los Girasoles 496 Dpto. 359,Chiguayante,Residencial,2017-04-21
CL-00773,Deyanira Celeste Vásquez Espinoza,Franco Arce 43,Concepción,Residencial,2019-02-13
CL-00774,Irene Josefa Sanhueza Cárdenas,Gabriela Mistral 6528,Talcahuano,Residencial,2012-05-13
CL-00775,Carlos Quintanilla Aguirre,Pasaje Miguel Hernández 469 Of. 9352,Chiguayante,Comercial,2015-05-07
CL-00776,José Castillo Pinto,Luis Ahumada 907,Concepción,Residencial,2025-02-22
CL-00777,Cristian Guerrero Reyes,Pedro Aguirre Cerda 5574 Dpto. 203,Concepción,Residencial,2022-03-05
CL-00778,Rodrigo Vidal Castillo,Las Hortensias 903,Chiguayante,Residencial,2018-05-05
CL-00779,Georgina Margarita Torres López,Constanza Pardo 5536 Dpto. 2654,Chiguayante,Residencial,2019-01-18
CL-00780,Ana Juana Reyes Garrido,Calle Barros Arana 836,Hualpén,Residencial,2011-08-25
CL-00781,Leónidas Carlos Plaza Torres,Avda. Natalia Cortés 2942,Hualpén,Residencial,2017-03-31
CL-00782,Leslie Lagos-Moraga,Calle Juan Mackenna 298 Of. 898,Talcahuano,Residencial,2014-03-25
CL-00783,Elena Maite Campos Gajardo,Los Cactus 9238,Concepción,Residencial,2021-08-14
CL-00784,Mario Osorio,Colo Colo 78 Piso 90,Talcahuano,Residencial,2013-03-30
CL-00785,Rodrigo Marcelo Quispe Castro,Las Azucenas 342 Piso 55,Concepción,Residencial,2023-09-21
CL-00786,Eugenio Piero Fuentes Venegas,Katherine Riquelme 59 Dpto. 282,San Pedro de la Paz,Residencial,2020-10-09
CL-00787,Johanna Cecilia Catalán Ruiz,Arturo Prat 10 Dpto. 424,Hualpén,Industrial,2013-07-01
CL-00788,Mónica Fernández,Calle Geraldine Aranda 65,Talcahuano,Residencial,2013-07-16
CL-00789,Camila Pilar Núñez Osorio,Calle Isidora Muñoz 2682,Talcahuano,Residencial,2013-08-12
CL-00790,María Martínez,Calle Los Girasoles 866 Dpto. 8573,San Pedro de la Paz,Residencial,2013-12-27
CL-00791,Sebastián Cristian Ríos Sánchez,Avda. Luis Marchant 3 Piso 4,Concepción,Residencial,2013-09-16
CL-00792,Rodrigo Toledo,Francisco Román 31,Hualpén,Residencial,2011-09-22
CL-00793,Patricia María Lobos Ponce,Calle Ramón Barros Luco 50,Talcahuano,Residencial,2015-06-05
CL-00794,María Hernández Rodríguez,Calle Arturo Prat 8364,Hualpén,Residencial,2016-02-11
CL-00795,David González,Avda. Gabriela González 2768,Concepción,Residencial,2013-09-19
CL-00796,Juan Vargas Sepúlveda,Avda. Heriberto Jiménez 8584 Dpto. 362,San Pedro de la Paz,Residencial,2014-03-27
CL-00797,Fernanda Valenzuela,Alfonso Candia 96,San Pedro de la Paz,Residencial,2025-07-15
CL-00798,Luis Santana Muñoz,Calle Pedro Aguirre Cerda 81,Hualpén,Residencial,2019-10-25
CL-00799,Verónica Aravena,Calle Domingo Santa María 339,Hualpén,Residencial,2015-09-13
CL-00800,Margarita Silvia Badilla Aguirre,Esmeralda 7993,San Pedro de la Paz,Residencial,2011-07-23
CL-00801,César Inostroza Poblete,Avda. José Miguel Carrera 938,Chiguayante,Residencial,2012-10-30
CL-00802,Fernanda Vergara Ortega,Av. Verónica Riquelme 9,Concepción,Residencial,2021-09-15
CL-00803,Emilia Valentina Tapia González,Las Rosas 8617,Hualpén,Residencial,2019-04-19
CL-00804,Alejandra Pizarro,Calle Paula Valenzuela 8544 Of. 8121,Hualpén,Residencial,2017-11-14
CL-00805,Johnny Aravena,Patricia Díaz 9397,Talcahuano,Comercial,2022-10-10
CL-00806,Sebastián Francisco González Miranda,Calle José Miguel Carrera 488 Dpto. 20,Chiguayante,Residencial,2014-09-25
CL-00807,Daniel Martínez Urrutia,Aníbal Pinto Garmendia 8048 Of. 9786,San Pedro de la Paz,Residencial,2023-12-31
CL-00808,Cristian Patricio Gutiérrez Baeza,Caupolicán 738,San Pedro de la Paz,Residencial,2012-12-18
CL-00809,Irma Fernández,Calle Manuel Rodríguez 6619,Talcahuano,Residencial,2013-02-26
CL-00810,Pamela Padilla,Los Piñones 2239,Concepción,Residencial,2014-12-27
CL-00811,Hugo Marco Sánchez Marín,Avenida Carlos Bernal 15,San Pedro de la Paz,Residencial,2020-11-16
CL-00812,José Gabriel Flores Rodríguez,Calle Los Naranjos 183,Chiguayante,Comercial,2023-02-07
CL-00813,Alexis Reyes Sepúlveda,Calle Los Copihues 2971,Concepción,Residencial,2024-10-11
CL-00814,Fernanda Marina Saldaña Henríquez,Aníbal Pinto Garmendia 41,San Pedro de la Paz,Residencial,2015-12-10
CL-00815,Paloma Nathalie Rojas Carrillo,Av. Manuel Rodríguez 220,San Pedro de la Paz,Industrial,2016-01-01
CL-00816,Jorge Leandro Rosales Aguayo,Calle Manuel Antonio Matta 1201,Talcahuano,Residencial,2022-06-15
CL-00817,Víctor Rebolledo Parra,Avda. Iván Belmar 43 Of. 530,Hualpén,Residencial,2017-09-28
CL-00818,Gabriela Jennifer Maldonado Quiñones,José Victorino Lastarria 527 Of. 512,Talcahuano,Residencial,2013-07-30
CL-00819,Felipe García Troncoso,Calle Pedro Aguirre Cerda 125,Concepción,Residencial,2022-04-07
CL-00820,Roberto Castro,Calle Sebastián Silva 49 Of. 755,Talcahuano,Residencial,2018-12-20
CL-00821,Damaris Stephanie Espinoza Contreras,Avda. Maite Vergara 89,Chiguayante,Comercial,2013-05-18
CL-00822,Camila Juana Contreras Arenas,Calle Manuel Rodríguez 9365,Concepción,Residencial,2023-02-05
CL-00823,Gaspar Mario San Martín Miranda,Rodrigo Tapia 13 Piso 1,Talcahuano,Residencial,2022-08-15
CL-00824,Juan Bastián Letelier Olate,Camino Fidel Romero 427,Talcahuano,Residencial,2017-08-26
CL-00825,Fabiola Mariana Opazo Silva,Calle Las Hortensias 771 Piso 9,Talcahuano,Residencial,2013-03-09
CL-00826,Bruno Riveros-Plaza Guzmán,Calle Colomba Carvajal 61 Piso 4,San Pedro de la Paz,Comercial,2021-05-05
CL-00827,Rodrigo López Valderrama,Avda. Johana Muñoz 7095,Talcahuano,Residencial,2020-11-05
CL-00828,Sandra Maritza Flores Flores,Guadalupe Delgado 249 Piso 67,Talcahuano,Residencial,2024-12-05
CL-00829,Pedro Avendaño Lorca,Diego Barros Arana 8124 Piso 0,Chiguayante,Residencial,2019-05-01
CL-00830,Carolina Fernanda Vargas Bravo,Juan Contreras 11,Talcahuano,Residencial,2012-02-11
CL-00831,Héctor Flores González,Av. Lautaro 831,Concepción,Residencial,2022-03-02
CL-00832,Constanza Moraga Correa,Avda. Los Piñones 168 Of. 2088,Talcahuano,Residencial,2018-11-17
CL-00833,Sara Victoria Ramos Cabrera,Calle Wilson Rodríguez 4071,Concepción,Residencial,2011-12-13
CL-00834,Luis Bustos Díaz,Manuel Montt 2735,Concepción,Residencial,2024-07-05
CL-00835,Mabel Javiera Escobar Soto,Calle Los Girasoles 8,Talcahuano,Residencial,2011-10-12
CL-00836,Romina Pino,Av. Patricia Retamal 6962 Of. 8857,Talcahuano,Residencial,2012-07-23
CL-00837,Emilia Cristina Díaz Collao,Los Cactus 4805 Of. 739,San Pedro de la Paz,Residencial,2024-01-25
CL-00838,Aarón Juan Arévalo Rojas,Av. Los Calafates 621 Of. 418,Talcahuano,Residencial,2012-12-21
CL-00839,Pamela Bravo,Calle Los Copihues 561 Piso 9,Hualpén,Residencial,2015-07-27
CL-00840,Carmen Muñoz,Calle Pedro Montt 114,Hualpén,Residencial,2023-09-03
CL-00841,Ulises Danny Soto Valencia,Calle Las Azucenas 28,Concepción,Residencial,2024-09-28
CL-00842,Sara Francisca Méndez Torres,María Valenzuela 2 Piso 2,Hualpén,Residencial,2014-12-08
CL-00843,Ana Fabiola Figueroa Navarro,Cristina Muñoz 797 Of. 487,Concepción,Residencial,2012-08-14
CL-00844,Camila Torres,Las Lilas 716,San Pedro de la Paz,Residencial,2016-03-14
CL-00845,Carlos Ronaldo Parra Rivera,Calle Los Carrera 8740 Piso 49,Concepción,Comercial,2022-03-02
CL-00846,Benjamín Miranda-Baeza,Avda. Claudio Castillo 589,Talcahuano,Residencial,2022-07-21
CL-00847,Tomás Poblete Castillo,Natalia González 34,Concepción,Residencial,2018-09-08
CL-00848,Valentina Lucero,Calle Fernando Moreno 38 Dpto. 16,San Pedro de la Paz,Residencial,2024-03-24
CL-00849,Alexis Jhonatan San Martín Lagos,Calle Las Azucenas 41,Talcahuano,Residencial,2024-07-22
CL-00850,Marcela Sofía Quintana González,Luisa San Martín 89 Dpto. 1911,Hualpén,Residencial,2015-03-20
CL-00851,Margarita Paredes Sáez,Psje. Matta 8221,Concepción,Residencial,2018-02-10
CL-00852,María Florencia López Bravo,Jaime Bernal 678 Piso 0,Chiguayante,Comercial,2017-04-12
CL-00853,Pilar María Ortiz Zepeda,Calle Arturo Prat 371,Concepción,Residencial,2017-11-23
CL-00854,Nataly Hernández Jaramillo,Pedro de Valdivia 3611,San Pedro de la Paz,Comercial,2021-10-18
CL-00855,Dina San Martín Gómez,Carmen Hernández 388 Piso 16,Concepción,Residencial,2020-05-05
CL-00856,María Rojas Rebolledo,Calle Manuel Rodríguez 2196 Piso 6,Concepción,Residencial,2019-04-01
CL-00857,Pablo Mellado,Bastián Torres 6883 Of. 2657,Concepción,Comercial,2013-12-29
CL-00858,Magdalena Eliana González Carreño,Avenida Las Hortensias 74,Talcahuano,Residencial,2020-07-09
CL-00859,José Marcelo Sepúlveda Cárdenas,Víctor Vargas 804 Of. 2421,Hualpén,Residencial,2020-12-22
CL-00860,Antonio Sergio Saavedra San Martín,Miguel Vega 7593,Concepción,Residencial,2024-07-04
CL-00861,Sandra Gloria López Pérez,Joaquín González 4 Piso 98,Chiguayante,Residencial,2014-08-31
CL-00862,Gloria María Cárdenas Suárez,María Alarcón 7,Talcahuano,Residencial,2016-12-08
CL-00863,Gabriel Alejandro Lara Ramírez,Camino Emilio Saavedra 260 Dpto. 41,Talcahuano,Residencial,2022-02-14
CL-00864,Francisca Díaz Carreño,Caupolicán 3,Talcahuano,Residencial,2018-07-04
CL-00865,Juan Cifuentes,Benjamín Vicuña Mackenna 3605,Talcahuano,Residencial,2024-04-25
CL-00866,Benjamín Julio González Tapia,Pasaje Manuel Rodríguez 165,Talcahuano,Residencial,2020-07-13
CL-00867,Magali Parra Morales,Los Alerces 5472,Concepción,Residencial,2025-02-02
CL-00868,Manuel Miranda,Ana Cortés 1344,Concepción,Residencial,2020-12-20
CL-00869,Ana Rojas,Antonio Varas 27 Of. 924,San Pedro de la Paz,Residencial,2014-09-21
CL-00870,Lissette Cancino,Manuel Rodríguez 7174,San Pedro de la Paz,Residencial,2019-05-10
CL-00871,Luis Peña González,Av. Evelyn Vicencio 748,Talcahuano,Residencial,2022-05-12
CL-00872,Manuel Mauricio Castro Escobar,Paula Hidalgo 586,Concepción,Residencial,2020-11-19
CL-00873,Maritza María Acevedo Ponce,Gabriela Mistral 2501,Hualpén,Residencial,2012-11-25
CL-00874,Sebastián Elías Hidalgo Rojas,Karla Rojas 475,Talcahuano,Residencial,2023-01-27
CL-00875,Andrea Carmen Rubilar Villalobos,Calle Arturo Prat 9039 Of. 7634,Concepción,Residencial,2020-03-23
CL-00876,Melissa Lidia Reyes Molina,Calle Raúl Carrasco 167 Dpto. 3909,Concepción,Residencial,2024-03-16
CL-00877,Elizabeth Melissa Palma Flores,Calle Jairo Moyano 748 Piso 17,Chiguayante,Residencial,2017-10-06
CL-00878,Petronila María Valenzuela Carvajal,Eusebio Lillo 6456 Piso 97,Hualpén,Residencial,2024-07-29
CL-00879,Carlos Rodrigo Rivera Méndez,Silvia Bascuñán 43,Concepción,Residencial,2024-03-11
CL-00880,Oscar Cristopher Méndez-Mondaca Aedo,Camilo Henríquez 55,Concepción,Residencial,2023-01-17
CL-00881,Olga Margarita Sepúlveda Brito,Camilo Henríquez 55 Dpto. 616,Concepción,Residencial,2017-03-04
CL-00882,Mónica Digna Arias Méndez,Avenida Caupolicán 3212,Hualpén,Residencial,2019-08-07
CL-00883,Carlos Eusebio Oyarce Carrasco,Psje. Humberto Gallardo 57 Piso 22,Concepción,Comercial,2016-01-02
CL-00884,Claudia Sonia Véliz Cartes,Calle Esmeralda 21 Piso 98,Concepción,Residencial,2016-03-09
CL-00885,Roberto López Olmedo,Calle Los Alerces 917 Piso 97,Chiguayante,Residencial,2016-01-24
CL-00886,Margot Carmela Cortés Sáez,Av. Camila San Martín 17,Concepción,Residencial,2016-05-12
CL-00887,Elizabeth Carola Lobos Gaete,Los Higos 7 Piso 22,Hualpén,Residencial,2018-06-10
CL-00888,Pamela Natalia Saldivia Arellano,Pasaje Aníbal Pinto Garmendia 637,Concepción,Residencial,2016-09-30
CL-00889,Amelia Ana Flores Solís,Juan Mackenna 18,Concepción,Residencial,2019-07-20
CL-00890,Maite Daniela Reyes Barría,Diego Peralta 5482 Dpto. 518,Concepción,Residencial,2021-04-23
CL-00891,Mario Cárdenas Cerda,Calle Las Maravillas 54 Of. 8543,Chiguayante,Residencial,2011-10-31
CL-00892,Ámbar Nicole López Ramírez,Calle Diego Portales 57,Chiguayante,Residencial,2022-03-04
CL-00893,José Sánchez Zúñiga,Marcia Villablanca 463 Of. 842,Chiguayante,Residencial,2014-02-24
CL-00894,Violeta Díaz-Bernal Alvarez,Av. Olga Vera 1175,Talcahuano,Residencial,2024-01-25
CL-00895,Verónica Gabriela Valenzuela Orellana,Avenida Los Carrera 64,Hualpén,Comercial,2011-07-20
CL-00896,Héctor Herrera Arias,Calle Los Copihues 6,Concepción,Residencial,2017-05-28
CL-00897,Sara Verdugo Fuenzalida,Avenida Los Palmitos 1340,Concepción,Residencial,2025-01-16
CL-00898,Judith María Olmedo Lagos,Juan Segovia 984,San Pedro de la Paz,Residencial,2019-06-21
CL-00899,Gabriel Lagos Osorio,Juan Mackenna 5454,Concepción,Residencial,2012-03-22
CL-00900,Daniel Matías Tobar Henríquez,Av. Esmeralda 851 Of. 893,Concepción,Residencial,2015-09-17
CL-00901,Juan Lagos Morales,Manuel Rodríguez 828,Concepción,Residencial,2024-01-20
CL-00902,Pía Ana Cofré Pinilla,Christian Montecinos 969 Of. 1296,Concepción,Residencial,2018-10-25
CL-00903,Pamela Silvia Torres Farías,Mariana Cortez 7724 Dpto. 501,Concepción,Residencial,2022-10-02
CL-00904,Jessica Francisca Gajardo Alegría,Pasaje Emiliano Calderón 428 Dpto. 91,Hualpén,Residencial,2017-07-19
CL-00905,Rosa Contreras Peña,Calle Lautaro 49 Dpto. 88,Talcahuano,Residencial,2016-10-26
CL-00906,Sergio Elías Valdés Ruz,Calle Alfonso González 9001,San Pedro de la Paz,Residencial,2021-09-23
CL-00907,Alfredo Exequiel Poblete Villalobos,Los Digitales 900 Of. 8982,Chiguayante,Residencial,2016-12-23
CL-00908,Jorge Villegas,Juan Gómez 114,Talcahuano,Residencial,2017-06-04
CL-00909,Alfredo Claudio Méndez Contreras,Sebastián Cortés 1198,Concepción,Industrial,2014-11-28
CL-00910,Maximiliano Cristian Navarro Quintana,Calle Las Araucarias 38 Dpto. 654,Talcahuano,Residencial,2017-11-14
CL-00911,Rossana Constanza Quezada Aravena,Calle Lautaro 6620,Hualpén,Residencial,2015-05-14
CL-00912,Julio Víctor Guerrero Hidalgo,Los Copihues 671 Dpto. 7506,Concepción,Residencial,2017-10-03
CL-00913,María Sepúlveda,Calle Picarte 24,Hualpén,Residencial,2012-02-23
CL-00914,Georgina Rocío Santana Gómez,Camino María Saavedra 5699,Talcahuano,Residencial,2017-02-15
CL-00915,Florencia Patricia Catalán Arias,Calle Arturo Prat 73 Piso 8,Talcahuano,Residencial,2013-07-21
CL-00916,Rosario Torres Aguilera,Luis Palma 396 Piso 19,Talcahuano,Comercial,2017-05-04
CL-00917,María Gómez,Patricio Sáez 29,Concepción,Residencial,2024-07-04
CL-00918,Juan Vicente Ramos Álvarez,Abner Villalobos 691 Dpto. 3859,San Pedro de la Paz,Residencial,2017-05-24
CL-00919,Pedro Pino Bustos,Silvia Vera 132,Chiguayante,Residencial,2019-05-19
CL-00920,Ana Barraza Troncoso,Calle Gustavo Zenteno 989,Concepción,Residencial,2015-09-21
CL-00921,Raquel Mía De La Fuente Fernández,Alonso de Ercilla 9,San Pedro de la Paz,Residencial,2024-02-15
CL-00922,Sara Nury Rivera López,Paola Morales 9755,Talcahuano,Residencial,2012-05-11
CL-00923,Tamara Nicole Torres Cornejo,Calle Manuel Rodríguez 82 Piso 6,San Pedro de la Paz,Residencial,2016-07-18
CL-00924,María Rosa Méndez-Contreras Bastías,Calle Ramón Picarte 3996,Chiguayante,Residencial,2020-06-05
CL-00925,Pamela Núñez-Toro,Calle Los Higos 975 Of. 1176,Talcahuano,Residencial,2018-09-16
CL-00926,Javiera Sandra Arenas Tapia,Calle David Zapata 705 Of. 320,Concepción,Comercial,2014-04-06
CL-00927,María Renata Jara Valencia,Las Malvas 2900 Of. 6635,Concepción,Residencial,2021-08-29
CL-00928,Patricia Isidora Núñez Catalán,Los Abedules 3247,Talcahuano,Comercial,2020-02-29
CL-00929,Fabiola Jiménez Méndez,Marco Matus 14,Hualpén,Residencial,2013-10-15
CL-00930,Isidora Denisse Zúñiga Andrade,Calle Ramón Picarte 2473,Concepción,Comercial,2020-02-13
CL-00931,Flor Elizabeth Alvarado Castillo,Antonio Varas 68,Concepción,Residencial,2017-02-08
CL-00932,Damaris Rivera Badilla,Los Piñones 2580,Chiguayante,Residencial,2015-04-24
CL-00933,Artemio Maximiliano Garcés Donoso,Paola González 6711,San Pedro de la Paz,Industrial,2017-12-23
CL-00934,Leonel Leal Mendoza,Arturo Alessandri Palma 83,Talcahuano,Residencial,2023-04-06
CL-00935,Eduardo Oscar Reyes Peña,Claudia Muñoz 669,Concepción,Comercial,2023-07-29
CL-00936,Marcela Ana Barra Carreño,Psje. Manuel Rodríguez 91,Concepción,Residencial,2014-01-24
CL-00937,María Nancy Cárdenas Flores,Rafael Aguirre 8298 Piso 9,Concepción,Residencial,2022-10-11
CL-00938,Sara Carrillo Morales,Esmeralda 2716 Of. 882,San Pedro de la Paz,Residencial,2022-11-25
CL-00939,Daisy Concha,Juan Bórquez 11 Piso 5,Concepción,Residencial,2018-12-24
CL-00940,Vicente Valdebenito Maldonado,Lautaro 363,Hualpén,Residencial,2020-12-28
CL-00941,Alonso Aguilar,Los Robles 9574,Concepción,Residencial,2014-11-27
CL-00942,José Joaquín Correa Herrera,Los Alerces 5806,Talcahuano,Residencial,2013-07-06
CL-00943,Yessenia Verónica Ramírez Vásquez,Avda. Los Aromos 534 Of. 9833,Hualpén,Residencial,2015-01-17
CL-00944,Luis Jorge Sánchez González,Calle Ramona Maureira 5 Piso 2,Chiguayante,Residencial,2014-07-07
CL-00945,Javiera Antonia Cortés Morales,Arturo Prat 14 Piso 65,Concepción,Residencial,2018-09-17
CL-00946,Francisca María Cabrera Jara,Calle Manuel Antonio Matta 1209 Of. 255,Concepción,Residencial,2022-04-10
CL-00947,Fernando Jonathan Rodríguez Rojas,Avda. Las Maravillas 2 Dpto. 911,Concepción,Residencial,2015-05-17
CL-00948,Cristóbal Guillermo Ayala Cruz,Avenida Santa Rosa 1476 Of. 1226,San Pedro de la Paz,Residencial,2017-11-25
CL-00949,Tania Josefina Cifuentes Palma,Lautaro 31,San Pedro de la Paz,Residencial,2013-04-21
CL-00950,Gladys López Huerta,Avenida Barros Arana 69,Hualpén,Residencial,2013-02-01
CL-00951,Jessica Berta Ahumada Cáceres,Calle Gabriela Mistral 20,Hualpén,Residencial,2016-03-04
CL-00952,Facundo Andrés Bugueño Sandoval,Calle Barros Arana 5 Piso 19,Hualpén,Comercial,2014-12-28
CL-00953,Amalia Cordero Aguilera,Calle Las Malvas 373 Piso 9,Concepción,Residencial,2023-10-06
CL-00954,Diego Fernando Hernández Fuentealba,Elsa Ríos 11 Dpto. 164,San Pedro de la Paz,Residencial,2019-12-11
CL-00955,Ana Catherine Berríos García,Rosa Vásquez 1036,Talcahuano,Residencial,2016-02-16
CL-00956,Nancy Ortiz Zúñiga,Calle José Manuel Balmaceda 6 Of. 9926,Talcahuano,Residencial,2016-04-09
CL-00957,Jenniffer Mónica Jara Román,Caupolicán 2056,Talcahuano,Residencial,2017-12-16
CL-00958,Paulina Fuenzalida Navarrete,Calle Los Aromos 10,Concepción,Residencial,2023-05-19
CL-00959,Juan Letelier Venegas,Laura Vivanco 20 Of. 8671,Concepción,Residencial,2019-09-23
CL-00960,Gabriela Sáez Maturana,Los Girasoles 5233,Chiguayante,Residencial,2011-12-11
CL-00961,Juan Rodríguez,Maritza De La Fuente 10 Piso 77,Concepción,Industrial,2013-12-23
CL-00962,Marta Medina Villalobos,Manuel Rodríguez 8501,Hualpén,Comercial,2018-07-11
CL-00963,Benjamin Órdenes,José Miguel Carrera 2624,Concepción,Residencial,2022-11-12
CL-00964,Claudia Camila Carvajal Sandoval,Cristian Acevedo 492 Dpto. 45,Talcahuano,Residencial,2011-10-01
CL-00965,Julieta Elizabeth Donoso Bugueño,Calle Caupolicán 60,Concepción,Residencial,2015-06-05
CL-00966,Patricio Agurto,Avenida Los Copihues 568,Talcahuano,Residencial,2016-09-14
CL-00967,José Modesto Orellana Silva,Calle Los Alerces 3673,Chiguayante,Residencial,2012-05-26
CL-00968,David José Retamal Faúndez,Av. Los Pinos 8,Concepción,Residencial,2025-06-29
CL-00969,Walter Reyes,Olga Quiñones 292 Dpto. 599,Hualpén,Residencial,2014-07-09
CL-00970,Elizabeth Andrea Molina Navarrete,Calle Los Alerces 320 Piso 95,Talcahuano,Residencial,2020-09-27
CL-00971,Catalina Andrea Baez Riffo,Calle Manuel Rodríguez 820,Hualpén,Residencial,2020-03-24
CL-00972,Álvaro López-Díaz,Av. Colo Colo 18,San Pedro de la Paz,Comercial,2016-04-08
CL-00973,Alejandro Guzmán Cavieres,Calle Helen Soto 22,Chiguayante,Comercial,2019-12-08
CL-00974,Pablo Aguilera Zamora,Segundo Maldonado 60 Of. 216,Concepción,Residencial,2016-07-24
CL-00975,Patricia Karen Paredes Peña,Calle Martina Ramos 85 Of. 2729,Concepción,Residencial,2024-07-27
CL-00976,Tomás Ignacio Arce Reyes,Avda. Lautaro 97,Concepción,Comercial,2023-06-01
CL-00977,Sonia Emilia Videla Mora,Calle Los Carrera 397,Hualpén,Residencial,2016-01-19
CL-00978,Alicia Inés Morales Canales,Los Copihues 3018 Dpto. 72,Concepción,Residencial,2019-01-25
CL-00979,Amelia Cáceres-Pérez Echeverría,Manuel Álvarez 1322,Talcahuano,Residencial,2022-11-19
CL-00980,René Danny Pérez Ulloa,Calle Michimalonco 228 Dpto. 65,Hualpén,Residencial,2018-11-23
CL-00981,María Isabel Cofré Pizarro,Calle Las Rosas 5,Talcahuano,Residencial,2014-09-16
CL-00982,Marcia Florencia Castañeda Roa,Av. Rosa Guzmán 421,Chiguayante,Comercial,2015-06-15
CL-00983,Martin Alberto Gálvez Poblete,Calle Loreto López 5506 Piso 3,Concepción,Comercial,2024-04-20
CL-00984,Carlos José Cavieres Meneses,Caupolicán 877,Concepción,Residencial,2013-06-30
CL-00985,María Ximena Rubilar Vásquez,Pedro Montt 232 Of. 2022,Chiguayante,Residencial,2017-08-18
CL-00986,Thomas José Contreras Torres,Calle Las Hortensias 4298 Dpto. 204,Talcahuano,Industrial,2014-02-10
CL-00987,Natalia Bernarda Vargas Cruz,Colo Colo 731 Piso 0,Hualpén,Residencial,2023-11-19
CL-00988,Pascal Jara Pérez,Pedro Aguirre Cerda 7 Piso 7,Talcahuano,Comercial,2020-03-06
CL-00989,Carlos Medina,Avda. Aracely Pérez 665 Dpto. 5149,Concepción,Residencial,2012-10-22
CL-00990,Constanza Guzmán Villarroel,Manuel Antonio Matta 493 Of. 1657,Chiguayante,Residencial,2013-10-01
CL-00991,Diego Cuevas Mardones,Los Encinos 7262,Chiguayante,Residencial,2018-05-02
CL-00992,Daniel Matías Valdivia Leal,Calle Caupolicán 9625,Hualpén,Residencial,2024-11-08
CL-00993,Roxana Bárbara Morales Carmona,Avenida Los Helechos 980 Of. 2793,Concepción,Residencial,2019-12-11
CL-00994,Ricardo Ávila,Pasaje Las Manzanillas 5996,Hualpén,Residencial,2023-02-23
CL-00995,María Montoya Villarroel,Calle Sylvia Matus 84,Talcahuano,Residencial,2011-11-29
CL-00996,Susan Adela Núñez Vargas,Caupolicán 433,Concepción,Residencial,2012-10-03
CL-00997,Sergio Caro Mella,Psje. María Alfaro 7587 Dpto. 8554,San Pedro de la Paz,Residencial,2018-01-13
CL-00998,Catalina Núñez Gajardo,Lautaro 445 Piso 63,Concepción,Comercial,2024-07-10
CL-00999,Fabián Damián González Soto,Calle Las Mandarinas 286 Piso 33,San Pedro de la Paz,Industrial,2014-01-06
CL-01000,Francisco Matías Ramírez González,Calle Héctor Alvarado 69,Talcahuano,Residencial,2013-03-17
CL-01001,Lucas Zambrano,Juan Jara 39 Piso 75,Concepción,Residencial,2021-02-13
CL-01002,Vanessa Silva Almonacid,Los Abedules 5307 Dpto. 335,Talcahuano,Residencial,2019-10-21
CL-01003,Heriberto Mora Galdames,Pasaje José de San Martín 5 Of. 489,San Pedro de la Paz,Residencial,2024-02-19
CL-01004,Valentina Cáceres Chacón,O'Higgins 44,Chiguayante,Comercial,2016-11-22
CL-01005,Margarita Gallardo,Las Lilas 273,Chiguayante,Residencial,2014-06-24
CL-01006,Verónica Martínez Díaz,Calle Caupolicán 3852,Hualpén,Residencial,2023-07-23
CL-01007,Martina María Ovalle Vargas,Calle Pedro Aguirre Cerda 3845,Hualpén,Residencial,2023-03-21
CL-01008,Edwin Marco Torres Leiva,Lautaro 926,Chiguayante,Residencial,2017-01-31
CL-01009,Francisco Cuevas Rosas,Calle Las Maravillas 270 Piso 3,Concepción,Residencial,2025-05-06
CL-01010,María Julia Valenzuela Saavedra,Eduardo Jara 42,Talcahuano,Comercial,2023-01-04
CL-01011,Ingrid Margot Barrera Vargas,Los Lirios 7665 Dpto. 37,Concepción,Residencial,2022-01-22
CL-01012,Susana Moreno,Avenida Arturo Prat 35 Piso 8,San Pedro de la Paz,Comercial,2025-02-18
CL-01013,Paulina Marlene Varas Márquez,Manuel Rodríguez 100,San Pedro de la Paz,Residencial,2013-03-27
CL-01014,Giselle Tania Jiménez Mora,Las Mosquetas 521,Concepción,Residencial,2014-10-08
CL-01015,Julieta Gloria Ulloa Estrada,Los Aromos 23,Chiguayante,Residencial,2013-09-26
CL-01016,Nolberto Juan Navarro Fuentealba,Avenida Manuel Rodríguez 713 Of. 317,San Pedro de la Paz,Comercial,2012-03-03
CL-01017,María Teresa Ramírez Astudillo,Calle Ramón Carnicer 728,Concepción,Residencial,2018-12-25
CL-01018,Antonia Pérez Ulloa,Avenida Esmeralda 47,Hualpén,Residencial,2024-08-31
CL-01019,Catalina Pía Aguilar Leiva,Avda. Celso Rivera 43 Dpto. 422,San Pedro de la Paz,Residencial,2016-07-21
CL-01020,Felipe Martín Urra Peña,Calle Los Alerces 435,Concepción,Residencial,2014-02-16
CL-01021,María Michelle Muñoz Contreras,Calle María Rivera 9610,Hualpén,Residencial,2012-03-03
CL-01022,Jessica Concha Benavides,Calle Gabriela Mistral 318 Dpto. 60,Concepción,Residencial,2012-11-14
CL-01023,Federico Muñoz Morales,Calle Vicuña Mackenna 983 Of. 2827,San Pedro de la Paz,Residencial,2019-09-24
CL-01024,Susan María Becerra López,Christopher Cofré 557 Dpto. 23,San Pedro de la Paz,Residencial,2013-01-10
CL-01025,Felipe Rodolfo Navarro Hernández,Pasaje Jaime Inostroza 54,San Pedro de la Paz,Residencial,2014-11-21
CL-01026,Ana Vidal,Las Rosas 392,Talcahuano,Residencial,2014-12-13
CL-01027,Sylvia Katherine Mena Agurto,Gabriela Mistral 495,San Pedro de la Paz,Residencial,2016-10-08
CL-01028,Juanita Susana López Ayala,Pasaje Manuel Rodríguez 47 Dpto. 718,Chiguayante,Comercial,2014-09-12
CL-01029,Ruth Núñez Silva,Calle Los Palmitos 5538 Dpto. 85,Concepción,Residencial,2019-12-31
CL-01030,Leonardo David Guzmán Belmar,Avda. Patricia Villalobos 446,Chiguayante,Industrial,2012-09-22
CL-01031,Dante Marco Carreño González,Gabriela Mistral 6470 Piso 4,Concepción,Residencial,2012-05-27
CL-01032,Patricia María Lara Matus,Calle Irarrázabal 7955,Hualpén,Residencial,2012-05-09
CL-01033,Arturo Uribe,Calle Caupolicán 469 Of. 9576,Concepción,Residencial,2011-11-04
CL-01034,Roberto Zúñiga Pinilla,Calle Arturo Prat 3426,Concepción,Residencial,2021-06-17
CL-01035,Patricia Carla Medel Méndez,Avenida Picarte 2124,Concepción,Residencial,2020-08-11
CL-01036,María Fernanda Contreras Carvajal,Francisca Pavez 79,Hualpén,Residencial,2017-07-25
CL-01037,Máximo Martín Espinoza Córdova,Marcelo Aguilera 2873 Dpto. 467,Talcahuano,Residencial,2016-10-24
CL-01038,Catalina Irene Salgado Labra,Calle Sergio Baeza 959,Chiguayante,Residencial,2014-02-12
CL-01039,Álvaro José Ríos Fernández,Pablo Reyes 539 Dpto. 619,Concepción,Residencial,2016-04-22
CL-01040,Gerardo Marcos Muñoz Abarca,Calle Agustina Valencia 452 Dpto. 20,Concepción,Residencial,2021-07-22
CL-01041,Denisse Alicia Contreras Elgueta,Los Alerces 77,Talcahuano,Residencial,2021-01-06
CL-01042,Verónica Fuentes Concha,Calle Los Lirios 84 Dpto. 900,Chiguayante,Residencial,2021-05-04
CL-01043,Benjamín Soto Urrutia,Balmaceda 767 Piso 89,Concepción,Residencial,2012-06-08
CL-01044,Daniela Josefa Escobar Aedo,Calle Portales 16 Piso 5,Hualpén,Residencial,2021-11-24
CL-01045,Ricardo Vega,Mac Iver 1373,San Pedro de la Paz,Residencial,2016-06-29
CL-01046,César Esparza Fuentes,Calle Las Hortensias 2771 Of. 3954,Hualpén,Residencial,2019-12-08
CL-01047,Juan López Rubilar,Calle Paola Cáceres 3551 Of. 727,Concepción,Residencial,2011-07-29
CL-01048,Miguel Eric Cerda Arenas,Calle Los Piñones 59 Of. 6986,Concepción,Residencial,2017-10-31
CL-01049,Camila Veloso Candia,Salvador Allende 4544 Piso 4,San Pedro de la Paz,Residencial,2025-07-03
CL-01050,Alejandro Olmedo,Rosa Donoso 439 Of. 8444,Concepción,Residencial,2022-11-27
CL-01051,Margarita Barraza,Eusebio Lillo 382 Dpto. 9309,San Pedro de la Paz,Residencial,2013-07-15
CL-01052,Martina Karina Altamirano Farías,Camino Miriam Palma 58 Dpto. 32,Talcahuano,Residencial,2011-07-19
CL-01053,José Olmos Muñoz,Calle Carlos Duarte 67 Piso 48,San Pedro de la Paz,Residencial,2022-08-27
CL-01054,José Carvajal Jiménez,Lord Cochrane 392 Dpto. 530,Chiguayante,Comercial,2016-05-10
CL-01055,Silvia Gutiérrez,Calle Los Piñones 1939 Dpto. 25,San Pedro de la Paz,Residencial,2022-10-16
CL-01056,Yasna Elisabeth López Gómez,Avda. Gabriela Cabello 78,Talcahuano,Comercial,2014-07-31
CL-01057,Josefa Marcela Retamal Lizama,Las Rosas 970,Chiguayante,Residencial,2021-12-09
CL-01058,Jessica Solange Benavides Orellana,Pasaje Ramón Carnicer 64 Of. 5437,Talcahuano,Residencial,2012-09-12
CL-01059,Gabriela Adriana Duarte Díaz,Calle Daniela Sanhueza 334 Dpto. 62,Talcahuano,Residencial,2016-12-05
CL-01060,María Alicia Sánchez Barros,Calle Sandra Vargas 4104,Hualpén,Residencial,2020-04-28
CL-01061,Rosario Pérez Oliva,Pamela Abarca 168 Dpto. 785,San Pedro de la Paz,Residencial,2018-01-20
CL-01062,Yohana Elsa Cisterna Contreras,Av. Lucas Pacheco 8,San Pedro de la Paz,Residencial,2022-06-26
CL-01063,Rodrigo Torres Bustamante,Calle Diego Portales 4502 Of. 350,Chiguayante,Residencial,2022-04-18
CL-01064,Manuel Montecino Gutiérrez,Matta 4523 Dpto. 82,Talcahuano,Residencial,2015-07-12
CL-01065,Darwin Raúl Estrada Castillo,Calle Gabriela Mistral 4,Talcahuano,Residencial,2016-10-24
CL-01066,Cecilia Carmen Zapata Vásquez,Calle Esmeralda 2771,Chiguayante,Residencial,2017-09-18
CL-01067,Alejandro Mauricio Silva Pereira,Los Coihues 80 Piso 62,Concepción,Residencial,2015-07-28
CL-01068,Sandra Evelyn Véliz Saldías,Av. María Vásquez 301 Dpto. 898,Concepción,Residencial,2014-12-21
CL-01069,María Altamirano,Calle Caupolicán 3,Talcahuano,Residencial,2011-09-20
CL-01070,Guido Sebastián Celis Rodríguez,Calle Vicente Llanos 20,Concepción,Comercial,2021-11-25
CL-01071,Javier Hormazábal Maldonado,Psje. Iván López 7507 Piso 28,Concepción,Residencial,2020-02-24
CL-01072,Betty Viviana López Vergara,Los Pinos 26 Of. 592,Concepción,Comercial,2024-10-07
CL-01073,Sebastián Díaz Montenegro,Caupolicán 3727 Piso 8,Concepción,Residencial,2016-06-23
CL-01074,Nelson Zúñiga,Calle José Ovalle 75,Concepción,Residencial,2021-01-09
CL-01075,Benjamín Aguilar Astudillo,Sebastián Castro 823 Dpto. 37,San Pedro de la Paz,Residencial,2021-04-30
CL-01076,Marcela Rosa Arenas Hernández,Calle Américo Contreras 480,Talcahuano,Residencial,2012-12-31
CL-01077,Allan Jean Rojas Rivera,Pablo Zepeda 117 Piso 4,Talcahuano,Industrial,2012-08-30
CL-01078,Gilberto Rafael Fernández Bobadilla,Carolina Rodríguez 5,Hualpén,Residencial,2017-11-09
CL-01079,Rocío Sepúlveda Reyes,Calle Christian Brito 3122 Piso 46,Concepción,Residencial,2018-07-11
CL-01080,Luis Sebastián Flores Toro,Ricardo Martínez 342,San Pedro de la Paz,Residencial,2025-02-08
CL-01081,Miguel Héctor Ortega Martínez,Barros Arana 749,Chiguayante,Residencial,2021-07-01
CL-01082,Eduardo Vidal,Avda. María Ortega 8444,Concepción,Comercial,2016-04-19
CL-01083,Benjamín José Urrutia Esparza,Calle Los Girasoles 699,Talcahuano,Residencial,2016-05-12
CL-01084,Mario Álvarez Chandía,Calle Las Mosquetas 9596,San Pedro de la Paz,Residencial,2020-10-05
CL-01085,Claudia Poblete Alegría,Avenida José Miguel Carrera 87 Piso 9,San Pedro de la Paz,Residencial,2020-08-11
CL-01086,Antonio Estay Morales,Ramón Freire 4956 Piso 82,Talcahuano,Residencial,2022-03-05
CL-01087,Gloria Marjorie Saavedra Soto,Lautaro 1592 Piso 61,Hualpén,Residencial,2012-06-23
CL-01088,Guillermo Espinoza Piña,Av. Luis Ojeda 522,Concepción,Residencial,2011-11-29
CL-01089,Martín Claudio Cifuentes Pérez,Calle Manuel Bulnes 7955,San Pedro de la Paz,Residencial,2019-08-06
CL-01090,Elizabeth Cristina Quiroga Urzúa,Mac Iver 326,Concepción,Residencial,2019-04-17
CL-01091,Lorenzo Héctor Miranda Fernández,Calle Héctor Núñez 6808 Dpto. 33,San Pedro de la Paz,Residencial,2023-01-14
CL-01092,Edgardo Juan Lobos-Parra Montes,Calle Los Aromos 22,Hualpén,Residencial,2020-08-11
CL-01093,Sylvia Juliana Romero Hurtado,Av. Juan Aguayo 55,Hualpén,Residencial,2018-03-19
CL-01094,Juan Castillo Godoy,Los Aromos 78,Talcahuano,Residencial,2012-04-22
CL-01095,María Mercado-Riveros Pérez,José Manuel Balmaceda 6918 Piso 8,Concepción,Residencial,2020-10-22
CL-01096,Eduardo Sáez,Camino Las Araucarias 3006 Of. 8874,Concepción,Residencial,2022-09-12
CL-01097,Claudia Flores Molina,Benjamín Mansilla 764 Of. 741,Concepción,Residencial,2020-04-15
CL-01098,Dominga Cynthia Tapia Bustamante,Avenida Los Helechos 362,Concepción,Residencial,2013-09-21
CL-01099,José Matías Madariaga Urra,Calle Fernanda Díaz 4948,Chiguayante,Residencial,2014-12-25
CL-01100,Mariano Olivares Leiva,Avda. Los Girasoles 29,Talcahuano,Residencial,2020-12-28
CL-01101,Rosa Sandra Droguett Díaz,Las Mosquetas 526,Concepción,Residencial,2017-01-04
CL-01102,Elena Mellado Troncoso,Calle Manuel Mansilla 7366,San Pedro de la Paz,Residencial,2020-04-21
CL-01103,Luis Valdés Venegas,Avda. Juan Vergara 4285,San Pedro de la Paz,Residencial,2021-01-20
CL-01104,María Mónica Mondaca López,Av. María Osorio 9243 Dpto. 980,San Pedro de la Paz,Residencial,2017-09-21
CL-01105,Pablo Exequiel Figueroa Álvarez,Camila Cofré 10 Piso 36,San Pedro de la Paz,Residencial,2016-12-12
CL-01106,Karen Gaete,Enrique Mac Iver 7838 Of. 8332,Concepción,Residencial,2023-02-06
CL-01107,Emilio Joaquín Segovia Jofré,Av. Paula Jaraquemada 7713 Of. 141,Talcahuano,Residencial,2020-05-24
CL-01108,Irma Raquel Soto Pinto,Avenida Ernesto Fuentes 9921,Chiguayante,Residencial,2014-05-27
CL-01109,Karen Paola Escobar Jara,Los Alerces 991,Hualpén,Residencial,2014-12-26
CL-01110,Carolina Daniela Flores Brito,Caupolicán 70 Piso 27,Concepción,Residencial,2013-08-27
CL-01111,Sara Palma,Freire 12,Chiguayante,Residencial,2021-02-11
CL-01112,Ana Henríquez Díaz,Calle Los Piñones 879,Concepción,Residencial,2013-04-06
CL-01113,Josefa Herrera,Calle Padre Alberto Hurtado 996 Of. 5388,Concepción,Residencial,2016-07-08
CL-01114,Aarón San Martín,Camino Lautaro 7665,Talcahuano,Residencial,2013-09-18
CL-01115,Vanessa María Román Espinoza,Avenida Diego Palacios 9734 Of. 6924,Hualpén,Residencial,2023-09-15
CL-01116,Daniela Rosa López Pérez,Ramón Freire 34 Of. 8908,Hualpén,Residencial,2016-11-02
CL-01117,María Suárez Riveros,Pamela Farías 2,Concepción,Residencial,2020-06-09
CL-01118,Elías Jaime Rojas Contreras,Valeria Escobar 889 Piso 97,San Pedro de la Paz,Residencial,2021-08-16
CL-01119,Álvaro Marcos Santibáñez Gamboa,Yesenia Fernández 9839 Piso 81,Concepción,Residencial,2020-08-06
CL-01120,Jorge Rivera,Av. Los Girasoles 45,Concepción,Residencial,2016-09-07
CL-01121,Bayron Pulgar,Lorena Palma 5 Of. 5806,San Pedro de la Paz,Residencial,2014-08-18
CL-01122,Oscar Antonio Gutiérrez Donoso,Camila Delgado 60,San Pedro de la Paz,Comercial,2018-07-06
CL-01123,José Espinoza Ramírez,Av. Álvaro Casanova 770,San Pedro de la Paz,Residencial,2012-09-14
CL-01124,Martín Apablaza,Calle Los Laureles 9824 Piso 5,Chiguayante,Comercial,2023-05-19
CL-01125,Oscar Santiago Bravo Quezada,Calle Los Aromos 805,Hualpén,Residencial,2020-01-10
CL-01126,Jorge Rivera,David Hidalgo 24 Of. 456,Talcahuano,Comercial,2014-03-27
CL-01127,Francisco Luis Cruces Silva,Las Mosquetas 100,Concepción,Residencial,2012-02-06
CL-01128,Máximo Gustavo Sáez Muñoz,Avenida Caupolicán 26,Talcahuano,Residencial,2024-09-06
CL-01129,Sebastián Tomás Herrera Zavala,Calle Yanina Figueroa 4849 Piso 78,Talcahuano,Residencial,2014-12-19
CL-01130,Sebastián Quintana Flores,María Vallejos 20 Of. 772,Concepción,Residencial,2023-02-28
CL-01131,Mario Ávila,Avenida Santa María 410,Chiguayante,Residencial,2022-05-11
CL-01132,Javier Rodríguez-Guzmán,Calle Los Naranjos 8906 Piso 95,Talcahuano,Residencial,2014-12-24
CL-01133,Claudia Isabel Farías Rodríguez,Esmeralda 36 Dpto. 7315,Concepción,Residencial,2022-01-26
CL-01134,María Alexia Núñez-Aguilar Moncada,Diego Barros Arana 22 Of. 405,Concepción,Residencial,2019-06-11
CL-01135,Alex Vásquez,Las Mosquetas 7747 Piso 68,Hualpén,Residencial,2021-04-18
CL-01136,Margarita Arenas Ríos,Daniela Guzmán 6383 Dpto. 671,Concepción,Residencial,2023-10-09
CL-01137,Tomás Daniel Escobar Vásquez,Calle Mariana Cartes 703 Dpto. 421,Chiguayante,Comercial,2021-05-19
CL-01138,Francisca Anahí Troncoso López,Los Tilos 4488,Talcahuano,Residencial,2012-07-25
CL-01139,Juan Ángel Ossandón Molina,Benjamín Moya 522 Dpto. 2252,Talcahuano,Comercial,2013-07-18
CL-01140,Evelyn Ana Díaz Leal,Los Coihues 171 Piso 0,Hualpén,Residencial,2017-08-30
CL-01141,Javiera Ponce Leiva,Calle Los Naranjos 844 Dpto. 3853,Chiguayante,Residencial,2019-12-06
CL-01142,Christopher Joaquín Bascuñán Muñoz,Av. Manuel Rodríguez 849 Dpto. 44,Talcahuano,Residencial,2020-04-22
CL-01143,Sergio Cortés,Calle Nancy Espinoza 2361 Of. 933,Hualpén,Residencial,2023-06-17
CL-01144,José Raúl Duarte Tapia,Calle Los Aromos 28 Piso 92,Hualpén,Residencial,2016-11-09
CL-01145,Claudia Clara Ruiz Rodríguez,Calle Judith Alarcón 2152 Piso 64,Concepción,Residencial,2014-06-18
CL-01146,Irma Velásquez Aravena,Caupolicán 280,San Pedro de la Paz,Residencial,2025-02-17
CL-01147,Andrea Victoria Prieto Durán,Gabriela Mistral 744,Chiguayante,Comercial,2022-02-09
CL-01148,Benjamín José Muñoz-Cortez Vergara,Avda. Manuel Montt 79 Of. 414,Hualpén,Residencial,2019-01-13
CL-01149,Zoila Isidora Soto Vergara,Calle Ignacio Varela 664 Dpto. 99,Chiguayante,Residencial,2015-02-24
CL-01150,Iván Víctor Pacheco Aguilar,Calle Las Rosas 990,San Pedro de la Paz,Residencial,2018-05-30
CL-01151,Fernanda Alejandra González García,Esmeralda 78,Chiguayante,Residencial,2019-04-17
CL-01152,Marcelo Bórquez,Calle Los Robles 588 Of. 6973,Chiguayante,Residencial,2022-10-04
CL-01153,Guillermo Alvarez Vera,Los Pinos 995 Dpto. 81,Hualpén,Residencial,2018-06-30
CL-01154,Alexander Rodríguez Moya,Calle Pedro Montt 29,Hualpén,Residencial,2016-05-02
CL-01155,Luciano Miguel Cabrera Riquelme,Calle Los Encinos 871,Hualpén,Residencial,2012-07-16
CL-01156,Dante Segundo Riffo Alvarado,Lautaro 245,Chiguayante,Residencial,2025-05-02
CL-01157,Fabrizio Daniel Araya Andrade,Calle Iris Martínez 9 Dpto. 12,Concepción,Residencial,2024-01-28
CL-01158,Juan Núñez,Oscar Leal 21,San Pedro de la Paz,Residencial,2024-05-29
CL-01159,Mario Castillo,Lourdes Leiva 145,San Pedro de la Paz,Residencial,2013-06-29
CL-01160,Marcela Robles Alarcón,Romina Seguel 39,Concepción,Residencial,2012-11-09
CL-01161,Gloria Isabella Aguilera Solís,Los Lirios 355,Chiguayante,Residencial,2022-06-11
CL-01162,Ramón Freddy Acuña Castillo,Pedro Montt 9515 Of. 1074,Concepción,Comercial,2020-11-17
CL-01163,Gladys Rocha Palma,Alonso de Ribera 1391,Talcahuano,Residencial,2011-12-19
CL-01164,Paulina Mora Méndez,Luis Velásquez 625,Chiguayante,Residencial,2016-12-20
CL-01165,Carolina Camila Salgado Gómez,Avda. María Rojas 981,Concepción,Residencial,2016-06-25
CL-01166,Michael Juan Fuentes Zúñiga,Calle Arturo Prat 7373,Chiguayante,Residencial,2021-05-05
CL-01167,Valentina Rivas Orellana,Los Copihues 88,Chiguayante,Residencial,2017-01-14
CL-01168,Víctor Michael Cáceres Bustamante,Manuel Antonio Matta 41,Talcahuano,Residencial,2014-02-11
CL-01169,José Martínez López,Camilo Ortiz 1539 Of. 9057,Concepción,Residencial,2017-10-08
CL-01170,Mateo Torres,Las Rosas 7315,Concepción,Residencial,2022-08-22
CL-01171,Antonella González,Calle Maite Figueroa 21 Piso 4,Hualpén,Residencial,2014-08-16
CL-01172,Ángela Melissa Estay Orellana,María López 837 Dpto. 770,San Pedro de la Paz,Residencial,2023-12-18
CL-01173,Juan Chamorro Valencia,Calle Manuel Rodríguez 5164 Dpto. 61,Hualpén,Residencial,2012-06-06
CL-01174,Christian Mauro Maldonado Aguayo,Las Rosas 5846 Dpto. 51,Concepción,Residencial,2013-07-24
CL-01175,Francisca Urbina,Calle Manuel Vargas 336,Hualpén,Comercial,2014-02-07
CL-01176,Gerardo Benjamín Acevedo Sandoval,Avenida Las Maravillas 4189,Talcahuano,Residencial,2015-06-15
CL-01177,Katherine Claudia Torres Veloso,Pasaje Susana Venegas 1764 Of. 9229,Chiguayante,Residencial,2024-09-27
CL-01178,Guillermo Alejandro Miranda Pulgar,Av. Las Araucarias 2 Of. 9353,Concepción,Residencial,2014-08-17
CL-01179,Hernán Yonathan Segura Bello,Calle Diego Portales 968 Dpto. 116,Chiguayante,Residencial,2022-11-06
CL-01180,Moisés González Salamanca,Calle Iris Aburto 838 Piso 5,Talcahuano,Residencial,2015-01-09
CL-01181,Erika Fredes,Calle Génesis Peña 41,San Pedro de la Paz,Residencial,2024-11-03
CL-01182,Constanza Paredes Herrera,María Bugueño 45,Talcahuano,Residencial,2016-08-27
CL-01183,Virginia Rosa Norambuena Lizama,Calle Esmeralda 5420 Dpto. 23,Hualpén,Residencial,2017-01-11
CL-01184,Daniel Videla,Los Lirios 1441 Dpto. 279,San Pedro de la Paz,Residencial,2024-07-24
CL-01185,Bernardo Víctor Castillo Aedo,Calle Las Araucarias 8810,Concepción,Residencial,2016-12-10
CL-01186,Delia Fuentealba Orellana,Psje. Caupolicán 88 Dpto. 3598,San Pedro de la Paz,Residencial,2018-02-09
CL-01187,Bernardo Arredondo,Calle Paola Vejar 32 Piso 40,Hualpén,Residencial,2017-04-16
CL-01188,Danilo Enrique Jerez Cancino,Benjamín Vicuña Mackenna 190,Concepción,Residencial,2018-12-11
CL-01189,Carla Rivera Rivas,Calle Los Digitales 8630,Concepción,Residencial,2018-09-12
CL-01190,Silvia Muñoz Rojas,Calle Ricardo Ojeda 6200,Chiguayante,Residencial,2019-10-12
CL-01191,Ester López Ortiz,Manuel Bulnes 9536,Concepción,Residencial,2013-10-10
CL-01192,María Constanza Lagos Badilla,Calle Los Aromos 4017,Hualpén,Residencial,2015-06-10
CL-01193,Mireya Salgado Cabezas,Los Copihues 800,Talcahuano,Residencial,2022-10-08
CL-01194,Christian Cristian Barría Jofré,Gabriela Flores 37,Hualpén,Residencial,2015-07-28
CL-01195,Pamela Patricia Verdugo Ceballos,Calle Paula Jaraquemada 287,Concepción,Comercial,2016-09-07
CL-01196,Teresita Estela Pacheco Méndez,Los Higos 5045 Of. 861,San Pedro de la Paz,Residencial,2013-03-23
CL-01197,Javiera Beatriz Hernández-Ortiz Garrido,Alexander Ibacache 507,San Pedro de la Paz,Residencial,2015-11-01
CL-01198,Rodrigo Thiago Contreras Barrientos,Calle Daniella Morales 3442 Piso 2,San Pedro de la Paz,Residencial,2020-04-18
CL-01199,Ricardo Catalán,Calle Esmeralda 24 Dpto. 5809,Chiguayante,Residencial,2015-12-13
CL-01200,Jorge Cartes Varas,Ramón Carnicer 6265,Concepción,Residencial,2024-12-16
CL-01201,Luis Erick Arriagada Bruna,Pasaje Bárbara Pérez 148,Chiguayante,Residencial,2019-08-22
CL-01202,Pablo Salazar Morales,Psje. Las Malvas 698,Concepción,Industrial,2025-02-16
CL-01203,Andrés Jhon Bravo Salgado,Álvaro Casanova 9915,Concepción,Residencial,2017-05-27
CL-01204,Luis Diego Uribe Barría,Av. Joaquín Orellana 94,Talcahuano,Residencial,2016-11-25
CL-01205,Paz Castro Soto,Calle Los Digitales 78 Dpto. 137,Talcahuano,Residencial,2024-07-17
CL-01206,Víctor Néstor Morán Oñate,Calle Los Cactus 937 Dpto. 591,Chiguayante,Residencial,2023-07-24
CL-01207,Jocelyn Muñoz Castro,Calle Álvaro Casanova 783,Hualpén,Residencial,2013-07-17
CL-01208,Paula Paola Santos Bustamante,Avda. Dolores Vásquez 1647,Talcahuano,Residencial,2020-12-12
CL-01209,Anahí Pascale Martinez López,Calle Lynch 1622,Concepción,Residencial,2023-09-01
CL-01210,Luis Carlos Muñoz Silva,Camino Portales 620,San Pedro de la Paz,Residencial,2022-04-06
CL-01211,Jocelyn Casanova,Av. Lautaro 9008 Piso 73,Talcahuano,Residencial,2022-01-18
CL-01212,Marco Vallejos,Calle Julia González 291 Piso 11,Talcahuano,Residencial,2023-10-20
CL-01213,Mariano Felipe Caballero Baeza,Yoselin Monsalve 323,Concepción,Residencial,2021-06-29
CL-01214,Mateo Roa,Pasaje Monserrat Pinto 197 Piso 50,Chiguayante,Residencial,2014-01-18
CL-01215,Francisco José Castro Mendoza,Pablo Adasme 100,Hualpén,Residencial,2024-10-06
CL-01216,Milton Muñoz-Figueroa,Calle Rosa Soto 27 Dpto. 2581,Concepción,Residencial,2021-11-23
CL-01217,Nicole Mireya Norambuena Silva,Luis Velásquez 12 Dpto. 440,Concepción,Residencial,2021-05-15
CL-01218,Jorge Hernández,Calle Pamela Saavedra 599 Piso 79,Hualpén,Industrial,2020-02-18
CL-01219,Oriana Karina Acevedo Ormeño,Los Higos 11 Of. 124,Hualpén,Residencial,2019-09-20
CL-01220,Florencia Díaz Manríquez,Carlos López 1794,Concepción,Residencial,2014-07-22
CL-01221,María Zapata,Caupolicán 881,San Pedro de la Paz,Comercial,2021-02-15
CL-01222,Ruth Nathalie Cortez Sepúlveda,Los Alerces 753 Piso 2,Concepción,Residencial,2015-04-23
CL-01223,Mateo Aguilera,Los Cactus 2129 Of. 628,Talcahuano,Residencial,2013-06-24
CL-01224,María Badilla León,Antonio Varas 65,San Pedro de la Paz,Residencial,2013-05-16
CL-01225,Yasna Elisa Cubillos Donoso,Avenida Los Calafates 3007,Talcahuano,Residencial,2013-01-30
CL-01226,Nelson Benjamín Rojas Díaz,Calle Gabriela Mistral 9283,Hualpén,Residencial,2017-08-28
CL-01227,Paula Patricia Quijada Novoa,Los Piñones 7232,Talcahuano,Residencial,2022-06-30
CL-01228,Carlos Oyarzún,Arturo Prat 1485,Concepción,Residencial,2016-09-26
CL-01229,Lucas Silva Leiva,Irarrázabal 1446 Piso 2,San Pedro de la Paz,Residencial,2011-08-08
CL-01230,Felipe Salgado,Eliodoro Yáñez 201 Piso 3,Talcahuano,Residencial,2013-08-08
CL-01231,Damián Valdés Leiva,Las Mandarinas 53 Piso 42,San Pedro de la Paz,Residencial,2014-04-13
CL-01232,Elena Florencia Riveros Briones,Nolberto Pérez 9 Dpto. 25,Concepción,Residencial,2024-01-15
CL-01233,Katherine María Jara Henríquez,Calle Herminio Salinas 66 Of. 3622,Concepción,Residencial,2017-12-31
CL-01234,Carlos Medina Troncoso,Paula Jaraquemada 549 Piso 7,Concepción,Comercial,2025-04-25
CL-01235,Paulina Dina Aravena Sepúlveda,María Castillo 5618,Hualpén,Comercial,2021-03-11
CL-01236,Danilo Bustos,Psje. Los Higos 1434 Piso 96,Talcahuano,Residencial,2023-07-03
CL-01237,Juan José Rodríguez Gallardo,Calle Lastarria 69,San Pedro de la Paz,Industrial,2020-11-22
CL-01238,Marcelo Castro Castro,Manuel Rodríguez 70,Talcahuano,Residencial,2021-04-29
CL-01239,Luis Jonathan Torres Flores,Avenida Los Piñones 81 Dpto. 88,San Pedro de la Paz,Comercial,2015-07-22
CL-01240,Adrián Matías Toledo Aguilera,Calle Miriam Reyes 9948 Dpto. 718,Concepción,Residencial,2016-05-14
CL-01241,Carmen Salamanca Montenegro,Eusebio Lillo 3110 Dpto. 4225,San Pedro de la Paz,Residencial,2018-06-09
CL-01242,Alberto Julio Montenegro Rodríguez,Av. Rosa Ortiz 4860,Chiguayante,Residencial,2019-06-25
CL-01243,Rosa Catalina Aravena Uribe,Calle Antonio Segovia 303 Dpto. 931,Chiguayante,Residencial,2023-07-20
CL-01244,Ángela Ruiz,Av. Álvaro Casanova 2713,Chiguayante,Residencial,2013-06-16
CL-01245,Antonia Graciela Gajardo-Campos Tapia,Calle Manuel Rodríguez 6162 Of. 9902,Chiguayante,Residencial,2013-03-02
CL-01246,Luis José Prieto Espinosa,Las Malvas 250 Dpto. 4937,Hualpén,Residencial,2018-10-25
CL-01247,Gonzalo Alarcón Méndez,Calle Colo Colo 307,Concepción,Residencial,2021-04-24
CL-01248,Marcela Gladys Godoy González,Iris Valdebenito 761 Dpto. 388,Concepción,Residencial,2012-04-07
CL-01249,Gustavo Peter Godoy Espinosa,Avenida Delia Quezada 5,San Pedro de la Paz,Residencial,2011-11-17
CL-01250,Maite Cynthia Rojas González,Las Araucarias 4375 Dpto. 76,Hualpén,Residencial,2014-10-05
CL-01251,Dolores Galleguillos Urrutia,Calle Las Maravillas 68,Chiguayante,Residencial,2020-02-03
CL-01252,Sandra Ruiz Ruiz,Las Mosquetas 1 Dpto. 424,Talcahuano,Residencial,2013-05-31
CL-01253,Karla Mamani Ruiz,Diego Barros Arana 2,Concepción,Residencial,2015-08-21
CL-01254,Katherine Elizabeth Díaz Merino,María Fica 668 Piso 84,Concepción,Residencial,2019-04-26
CL-01255,Javier Darwin Vergara Aguirre,Manuel Montt 6913,Hualpén,Comercial,2023-04-24
CL-01256,Jorge Rodrigo Reyes Espinoza,Calle O'Higgins 72,Talcahuano,Residencial,2024-10-01
CL-01257,Ángela Paloma León López,Calle Arturo Prat 3084,Concepción,Residencial,2024-10-20
CL-01258,Matteo Gallegos Catalán,Avda. Mercedes Hidalgo 39 Piso 98,Talcahuano,Comercial,2022-05-18
CL-01259,Irene Hermosilla Arancibia,Calle Marcela Rodríguez 610,Concepción,Residencial,2014-03-30
CL-01260,Álvaro Silva Fuentes,Calle Gabriela Mistral 7758,Hualpén,Residencial,2020-07-27
CL-01261,Pamela Ayelén Tapia Castillo,Enrique Mac Iver 495 Piso 8,Concepción,Residencial,2023-11-14
CL-01262,Reinaldo Diego Martínez Tobar,Calle Lautaro 84,Chiguayante,Residencial,2021-03-31
CL-01263,María Alicia Durán Silva,Avda. Los Higos 296 Piso 7,Concepción,Residencial,2024-07-05
CL-01264,Miguel Rodrigo Muñoz Martinez,Lautaro 31 Of. 8172,Talcahuano,Residencial,2021-04-27
CL-01265,Alonso Jaime Chávez Mendoza,Calle Diana Vidal 7542,Concepción,Residencial,2015-04-26
CL-01266,Jessica Marjorie Contreras Rodríguez,Gabriela Araya 524,Concepción,Comercial,2012-06-08
CL-01267,Anahis Beltrán Muñoz,Lautaro 377 Dpto. 251,Talcahuano,Residencial,2024-06-14
CL-01268,Nicolás Olave Martínez,Calle Anahí Silva 947 Of. 137,Talcahuano,Residencial,2018-05-17
CL-01269,Oscar Christian Soto Pacheco,Los Pinos 3380,Hualpén,Residencial,2022-04-06
CL-01270,Adolfo Claudio Zúñiga Manríquez,Av. Las Malvas 7572 Dpto. 529,Concepción,Residencial,2017-10-09
CL-01271,Miguel Yáñez,Daniel Sepúlveda 588 Dpto. 576,Hualpén,Residencial,2017-01-27
CL-01272,Emilio Rodrigo Barrera Sepúlveda,Las Margaritas 33,San Pedro de la Paz,Residencial,2017-03-27
CL-01273,Daniela Maribel Zúñiga Salazar,Av. Santa María 7867 Of. 325,Chiguayante,Residencial,2014-08-13
CL-01274,Domingo Riquelme,Armando Salas 904 Of. 469,Concepción,Residencial,2013-07-05
CL-01275,José Alfonso Quiroga Pérez,Lautaro 14,Talcahuano,Residencial,2023-08-14
CL-01276,Carlos Rojas-Cisternas Villalobos,Avenida Los Copihues 427 Of. 6617,Concepción,Residencial,2025-04-02
CL-01277,María Osorio,Calle Caupolicán 86 Dpto. 8678,Concepción,Residencial,2018-10-27
CL-01278,Jacqueline Gómez Ortiz,Calle Juan Retamal 3842 Piso 33,San Pedro de la Paz,Residencial,2014-05-06
CL-01279,Marcela Andrade Oyarce,Calle Roxana Torres 271 Dpto. 775,Concepción,Residencial,2013-02-12
CL-01280,Mauricio Raimundo Cruz Saavedra,Calle Aníbal Pinto 5851 Piso 98,Talcahuano,Residencial,2025-05-17
CL-01281,Bruno Gonzalo Aguirre Cisterna,Calle Los Copihues 19,Hualpén,Residencial,2023-11-27
CL-01282,Catalina Fernanda Muñoz Núñez,Jimena Torres 9269,Chiguayante,Residencial,2023-02-04
CL-01283,Rosa Arcos Fernández,Camino Francisco Bilbao 247,Talcahuano,Industrial,2011-12-02
CL-01284,Roberto Riveros Martínez,Paula Jaraquemada 87,Concepción,Residencial,2024-10-28
CL-01285,Cristóbal Gutiérrez Suárez,Av. María Aránguiz 105,Talcahuano,Residencial,2012-03-23
CL-01286,Ana Rojas-Miranda Méndez,Calle Los Encinos 5724,Talcahuano,Residencial,2023-12-21
CL-01287,Gonzalo Luis Gómez Mansilla,Daniela Contreras 52 Piso 6,Concepción,Comercial,2020-12-31
CL-01288,Gerardo Meléndez-Poblete Matamala,Francisco Toro 55,Talcahuano,Residencial,2015-08-18
CL-01289,Marisol Cecilia Fernández Barra,Av. Andrés Arias 6,Concepción,Comercial,2024-05-23
CL-01290,Emma Maldonado Valenzuela,Sofía Cerda 9272,Concepción,Industrial,2013-04-23
CL-01291,Bernardo Riquelme Soto,Av. Luis Vega 7049,Talcahuano,Residencial,2022-12-23
CL-01292,María Rojas,Av. Camilo Aguilera 327,Concepción,Industrial,2022-05-13
CL-01293,Natalia Emilia Pino Quezada,Los Copihues 649 Dpto. 570,Hualpén,Residencial,2023-09-18
CL-01294,Carmen Anahí Romero Guzmán,Los Coihues 30 Dpto. 80,Hualpén,Residencial,2014-05-22
CL-01295,Maricela Estefanía Morales Silva,Calle Juan Miranda 44,Chiguayante,Residencial,2025-06-09
CL-01296,Beatriz Stephanie Contreras Castillo,Calle Las Lilas 49,Concepción,Residencial,2014-07-07
CL-01297,Emmanuel Bravo Avilés,Calle Jorge Fuentes 2235,Concepción,Residencial,2023-06-05
CL-01298,Rosa Blanca Muñoz Sepúlveda,Av. Giovanni Plaza 4019,Concepción,Residencial,2020-12-30
CL-01299,Matías Ruiz-Opazo,Calle Las Manzanillas 703 Of. 9884,Hualpén,Industrial,2016-11-15
CL-01300,José Matamala Varela,Calle Camila Suazo 729,Chiguayante,Residencial,2024-10-17
CL-01301,Alejandro Silva,Av. Arturo Prat 283,Concepción,Residencial,2018-09-03
CL-01302,Pablo Velásquez,Avda. Los Piñones 6907,San Pedro de la Paz,Comercial,2024-09-04
CL-01303,Johanna Aravena,Los Alerces 192 Dpto. 723,Concepción,Comercial,2021-03-20
CL-01304,Génesis Yáñez Henríquez,Los Lirios 2542,Talcahuano,Comercial,2020-01-05
CL-01305,Walter Benjamín Véliz Barrera,Barros Arana 893,Chiguayante,Residencial,2018-07-10
CL-01306,Daniel Joaquín Prado Echeverría,Yuliana Soto 4671 Dpto. 375,San Pedro de la Paz,Industrial,2021-11-24
CL-01307,Yessica Neira Velásquez,Calle Los Higos 586 Piso 1,Chiguayante,Residencial,2012-09-27
CL-01308,Amanda Silva Bustamante,Katherine Peña 10,Chiguayante,Residencial,2014-06-08
CL-01309,Raúl Rojas Donoso,Jordán Cortés 2032,Talcahuano,Residencial,2011-08-30
CL-01310,Abel Luis Chacón Torres,Caupolicán 15,Chiguayante,Residencial,2016-03-27
CL-01311,Víctor Mendoza Cisterna,Calle Camilo Henríquez 414 Of. 8088,Concepción,Residencial,2021-01-07
CL-01312,Tomás Ortiz,Calle Los Higos 342,San Pedro de la Paz,Residencial,2020-01-12
CL-01313,José Guzmán,Joaquín Neira 3581,Talcahuano,Residencial,2015-07-18
CL-01314,Felipe Castro,Avda. Los Tilos 767,Chiguayante,Residencial,2017-08-17
CL-01315,Carlos Luis Castro Soto,Av. Violeta Quezada 7,Talcahuano,Residencial,2024-05-12
CL-01316,Carlos Maximiliano García Muñoz,Calle Ramón Carnicer 7784 Piso 90,Hualpén,Residencial,2013-05-27
CL-01317,Benjamín Pablo García Vera,Mauricio Palacios 856 Dpto. 762,Talcahuano,Residencial,2019-05-30
CL-01318,Javiera Elba Toledo Medina,Avenida Germán Riquelme 65 Dpto. 96,Chiguayante,Residencial,2016-09-22
CL-01319,Ana María Cáceres Orellana,Av. José Rodríguez 8624,Concepción,Residencial,2017-05-29
CL-01320,Constanza Scarlett Sánchez Pineda,Eduardo Quezada 3201,Concepción,Residencial,2019-06-30
CL-01321,Olga Denisse Tapia Orellana,Pasaje María Donoso 7009,Concepción,Comercial,2023-03-19
CL-01322,Manuel Santos Miranda,Av. Claudio López 145 Of. 456,Concepción,Residencial,2013-02-17
CL-01323,Lorena Romero Ferrada,Las Malvas 2003,San Pedro de la Paz,Residencial,2014-03-03
CL-01324,Fernando Emiliano Álvarez Ossandón,Calle Mac Iver 38,Concepción,Residencial,2015-03-15
CL-01325,Mario Arriagada,Calle Vicente Pérez 160,San Pedro de la Paz,Residencial,2016-09-17
CL-01326,Cecilia Tamara Toledo Valdés,Pasaje Esmeralda 705 Piso 6,Talcahuano,Residencial,2023-09-05
CL-01327,Marcelo Gómez Campos,Calle Gabriela Mistral 6438 Dpto. 4309,Concepción,Residencial,2024-04-02
CL-01328,Gabriel Pedro Garrido Arias,Calle Los Lirios 42,Chiguayante,Residencial,2024-07-25
CL-01329,Julieta Alejandra Vargas Leal,Camino Jazmín Fuenzalida 2944,Hualpén,Residencial,2016-10-11
CL-01330,Jhonatan Miguel Navarro Arriagada,Calle Los Encinos 66 Piso 4,Talcahuano,Residencial,2023-02-01
CL-01331,Nelson González Aravena,Los Abedules 668,Talcahuano,Residencial,2025-02-08
CL-01332,Pamela Elgueta Retamal,Casanova 53 Of. 1427,Chiguayante,Residencial,2023-10-13
CL-01333,Rosario Lidia Pérez Muñoz,Los Pinos 91,Concepción,Residencial,2012-08-15
CL-01334,Edith Rivera Huerta,Camino Los Alerces 499 Dpto. 42,San Pedro de la Paz,Residencial,2024-02-15
CL-01335,Patricia Alexandra Astudillo González,Francisco Tapia 81 Dpto. 7434,San Pedro de la Paz,Residencial,2015-08-16
CL-01336,Claudio Espinoza,Valentina Donoso 3 Piso 44,Hualpén,Comercial,2013-01-28
CL-01337,Liam Rodrigo Soto Cabrera,Calle Marcelo Vásquez 738 Of. 141,Concepción,Industrial,2016-05-14
CL-01338,Víctor Medina Riquelme,Calle Isidora Briceño 242 Piso 4,Hualpén,Residencial,2024-02-18
CL-01339,Santiago Castillo,Ángela Zambrano 2378 Piso 6,Concepción,Residencial,2021-07-21
CL-01340,Daniel Leyton,Las Mosquetas 561 Dpto. 578,Concepción,Residencial,2024-01-23
CL-01341,Ximena Ignacia Poblete Guerra,Calle Gabriela Mistral 775 Piso 36,Concepción,Residencial,2020-07-12
CL-01342,Rosa María Castro Donoso,Calle Estrella Aburto 55 Of. 618,Talcahuano,Residencial,2019-02-10
CL-01343,Gaspar Jorge Concha Arcos,Calle Federico Hernández 90,San Pedro de la Paz,Comercial,2012-03-22
CL-01344,Valentina Elena Aguilera Pinilla,Arturo Prat 186 Piso 73,Chiguayante,Comercial,2024-11-10
CL-01345,María Parraguez,Calle Arturo Prat 57 Piso 9,Chiguayante,Residencial,2021-10-23
CL-01346,Pedro Zapata-Cáceres,Calle Caupolicán 806,Talcahuano,Residencial,2019-08-14
CL-01347,Dylan Araya Vásquez,Mauro Flores 5679,Talcahuano,Residencial,2022-02-21
CL-01348,José Víctor Pérez Velásquez,María Valdés 686,Talcahuano,Residencial,2021-10-31
CL-01349,Douglas Romero Díaz,Renato Concha 70,San Pedro de la Paz,Residencial,2015-07-17
CL-01350,Felipe César Soto Jiménez,Calle Javiera Ávila 8898 Piso 60,Concepción,Residencial,2020-06-21
CL-01351,Isabella Núñez Valenzuela,Calle Los Higos 17,San Pedro de la Paz,Residencial,2012-05-25
CL-01352,Miguel Juan Núñez Pardo,Pablo Cruz 7670 Piso 3,Hualpén,Residencial,2012-05-26
CL-01353,Valeria Baeza Méndez,Calle Colo Colo 399,Talcahuano,Residencial,2014-12-05
CL-01354,María Rosa Herrera Bastías,Aída Collao 782,Chiguayante,Comercial,2016-06-02
CL-01355,Cesar Claudio Gómez Méndez,Avda. Constanza Soto 90 Piso 34,Talcahuano,Residencial,2016-12-05
CL-01356,Gabriel Álvarez Molina,Sandra Muñoz 99 Of. 4315,San Pedro de la Paz,Residencial,2018-08-31
CL-01357,Francisco Arriagada Villalobos,Calle Pedro de Valdivia 369,San Pedro de la Paz,Residencial,2012-08-07
CL-01358,Domingo William Hidalgo Jara,Isidora Ortega 9549,Talcahuano,Residencial,2014-07-13
CL-01359,Silvia Carrasco Ramírez,Calle Los Girasoles 44,Concepción,Residencial,2016-02-29
CL-01360,Juan Arenas Ramírez,Avda. Ángel Maturana 8816,Hualpén,Residencial,2018-11-08
CL-01361,Valentina Romero Valencia,Freire 5,San Pedro de la Paz,Comercial,2020-09-13
CL-01362,Rodolfo Juan Herrera Alarcón,Calle Ramón Picarte 9492,Concepción,Residencial,2015-05-20
CL-01363,Fernanda Briceño Carrillo,Arturo Prat 20,Hualpén,Comercial,2020-07-30
CL-01364,Miguel Héctor González Toledo,Pasaje Los Copihues 840 Dpto. 30,Hualpén,Residencial,2018-03-22
CL-01365,Carla Guillermina Cabello Romero,Calle Mauricio Rivas 524 Of. 1503,Chiguayante,Residencial,2017-12-14
CL-01366,Jhon Segundo Jara Chávez,Patricia Pacheco 711 Of. 2062,Concepción,Residencial,2016-06-21
CL-01367,Eliana Carrasco-Acuña Coronado,Los Calafates 108,Chiguayante,Residencial,2012-03-28
CL-01368,Camila Gabriela Arenas Muñoz,Calle Esmeralda 5263,San Pedro de la Paz,Residencial,2012-02-17
CL-01369,Francisco Víctor Marín Gutiérrez,Calle Las Mosquetas 624 Of. 270,Concepción,Residencial,2020-06-27
CL-01370,Martina Mancilla,Av. Las Maravillas 7253,Concepción,Residencial,2012-12-25
CL-01371,Marcel Rodrigo Díaz Muñoz,María Belmar 8,San Pedro de la Paz,Comercial,2017-03-09
CL-01372,Jorge Cristóbal Gaete Muñoz,Calle Ximena Vargas 703 Of. 3704,Concepción,Comercial,2024-07-30
CL-01373,Carlos Ronald Jorquera Jara,Esmeralda 14 Piso 5,Chiguayante,Comercial,2016-11-17
CL-01374,María Adela Olave González,Calle Los Piñones 575 Of. 7039,Talcahuano,Residencial,2017-10-20
CL-01375,Rosario Ana Chacón Tapia,Calle Pedro de Valdivia 4,Concepción,Residencial,2018-05-11
CL-01376,Mateo Fredes,Pasaje Los Calafates 432 Piso 70,San Pedro de la Paz,Residencial,2022-12-16
CL-01377,Danitza Mondaca-Díaz,Aurora Veloso 391 Piso 89,Talcahuano,Residencial,2019-03-23
CL-01378,Domingo Ramírez,Avda. Aurelio Flores 722,Talcahuano,Residencial,2012-01-17
CL-01379,Julio Bernabé Gutiérrez Muñoz,Calle Gabriela Mistral 7,Talcahuano,Residencial,2025-01-03
CL-01380,Nancy Eva Carrasco Rojas,Av. Marta Retamales 39,Hualpén,Residencial,2020-01-20
CL-01381,Ámbar Santos,Calle Ximena Aravena 9,Concepción,Residencial,2013-09-15
CL-01382,María Jacqueline Ponce Díaz,Los Lirios 156 Piso 1,Talcahuano,Residencial,2018-01-06
CL-01383,Fabiola Salinas Vidal,Carlos Bustos 44 Dpto. 53,San Pedro de la Paz,Residencial,2024-04-21
CL-01384,Héctor Leonardo Pavez Medina,Calle José Brito 3076,Concepción,Residencial,2012-12-23
CL-01385,Raimundo Guillermo Muñoz Espinoza,Avda. Las Maravillas 2049,Hualpén,Residencial,2024-02-07
CL-01386,Daniel Tapia,Calle Los Encinos 697,Talcahuano,Comercial,2018-12-02
CL-01387,Cinthia Miranda Ramos,Fernando Muñoz 765,Chiguayante,Residencial,2019-05-12
CL-01388,Claudio Diego Acevedo Cáceres,Avda. Álvaro Astudillo 3059 Dpto. 482,Concepción,Residencial,2021-05-20
CL-01389,Gladys Isabel Robles Cortés,Yenny Fica 519,San Pedro de la Paz,Residencial,2018-04-24
CL-01390,Francisco Gonzalo Figueroa Pérez,Pasaje Marcelo Quintanilla 60 Piso 8,Talcahuano,Residencial,2012-12-23
CL-01391,Lucía Rosario Casanova Soto,Calle Lord Thomas Cochrane 707,Concepción,Residencial,2012-11-05
CL-01392,Manuel Jorge Carrasco Tapia,Pasaje Irarrázabal 3 Of. 540,Concepción,Residencial,2016-08-29
CL-01393,Margarita Mendoza Saldaña,Los Naranjos 2253 Of. 6372,Concepción,Residencial,2024-07-12
CL-01394,Emily Rosas González,Calle Los Aromos 617,Talcahuano,Residencial,2017-06-24
CL-01395,Gaspar Orellana,Calle Violeta Vallejos 2025,Talcahuano,Residencial,2022-09-21
CL-01396,Lucas Godoy Valdés,Alejandro Castillo 5424,Chiguayante,Comercial,2025-03-24
CL-01397,Paula Daniela Mella Godoy,Los Robles 804 Piso 90,Talcahuano,Residencial,2013-02-12
CL-01398,Violeta Cárcamo Henríquez,Avda. Felipe Díaz 1 Of. 676,Concepción,Residencial,2019-07-03
CL-01399,Catalina Jennifer Aguirre Castillo,Las Margaritas 8851,Hualpén,Residencial,2018-02-13
CL-01400,Héctor Acuña Silva,Av. Cristóbal Pérez 134,Chiguayante,Residencial,2023-03-07
CL-01401,Pilar Cynthia Jara Olivares,Domingo Salinas 6811,Concepción,Residencial,2017-09-05
CL-01402,Amelia Lorena García González,Calle Las Mosquetas 253 Piso 80,Concepción,Residencial,2019-08-25
CL-01403,Carolina Bascuñán,Calle Las Rosas 50,Concepción,Residencial,2021-07-08
CL-01404,Tomás Salas Norambuena,Calle Los Naranjos 4 Of. 382,Chiguayante,Residencial,2014-05-14
CL-01405,Andrea Lorena Flores Rodríguez,Calle Paula Martínez 40,Hualpén,Residencial,2014-04-30
CL-01406,Danae María Rodríguez Paredes,David Salgado 9078 Dpto. 3226,Talcahuano,Residencial,2017-05-01
CL-01407,Alejandro Flores Díaz,Avenida Las Manzanillas 633 Of. 462,Chiguayante,Industrial,2018-03-18
CL-01408,Constanza Erika Díaz Rojas,Leidy Gómez 98,Chiguayante,Residencial,2012-02-15
CL-01409,Dominique Isabel Martínez Contreras,Michimalonco 898,Hualpén,Residencial,2016-01-12
CL-01410,María Scarleth Seguel López,Camila Toloza 29,San Pedro de la Paz,Residencial,2011-12-07
CL-01411,Santiago Fernando Cerda Oñate,Calle Javiera Almonacid 2661 Piso 98,Concepción,Residencial,2025-02-10
CL-01412,Irma Margarita González Morales,José Martínez 221 Of. 5603,Concepción,Residencial,2019-01-18
CL-01413,Alexander Mauricio Trujillo Segura,Calle Las Rosas 807,Concepción,Residencial,2016-10-14
CL-01414,Franco Fernández Oliva,Caupolicán 4082 Dpto. 771,Concepción,Comercial,2015-02-12
CL-01415,Rafael Gómez Cabrera,Calle Florencia Cabezas 36 Piso 2,Talcahuano,Residencial,2020-07-19
CL-01416,Francisca Mary Guajardo Navarro,Marta González 2026 Of. 184,San Pedro de la Paz,Residencial,2012-06-23
CL-01417,Maite Andrea Barros Gutiérrez,Las Malvas 470 Piso 18,Concepción,Residencial,2016-05-29
CL-01418,Isabella Sandra Montero Aguirre,Calle Arturo Prat 660 Dpto. 528,Concepción,Residencial,2016-02-13
CL-01419,Nicole Milagros Paredes Bruna,Sonia Silva 19,Talcahuano,Residencial,2021-06-01
CL-01420,Alfredo Benjamín Peña Valenzuela,Calle René Delgado 5209,San Pedro de la Paz,Residencial,2019-03-05
CL-01421,María Pía Gatica Molina,Avenida Alfredo Henríquez 679 Dpto. 119,Concepción,Residencial,2014-12-30
CL-01422,Paula González,Renata Garrido 5757,Talcahuano,Residencial,2024-11-11
CL-01423,Benjamín Mella,Av. Las Margaritas 620 Piso 58,Concepción,Residencial,2025-05-12
CL-01424,Sonia Constanza Ruz Morales,Calle Rosa González 789 Piso 5,Concepción,Residencial,2019-08-21
CL-01425,Camila González,Avda. Los Calafates 3 Dpto. 95,San Pedro de la Paz,Residencial,2019-11-05
CL-01426,Martín Sergio Pérez Baeza,Nicole Cortés 703 Dpto. 9162,San Pedro de la Paz,Comercial,2022-03-12
CL-01427,Antonia Sofía Muñoz Moya,Calle Los Alerces 3660 Dpto. 9151,Concepción,Residencial,2013-10-27
CL-01428,Armando Mena Delgado,Los Copihues 417,San Pedro de la Paz,Industrial,2013-10-08
CL-01429,Andrea Herrera,Michimalonco 8058,Hualpén,Residencial,2017-02-21
CL-01430,Arturo Luciano Ávalos Miranda,Esmeralda 6133,San Pedro de la Paz,Residencial,2013-07-12
CL-01431,Pablo Reynaldo Núñez Ramírez,Las Lilas 4645 Dpto. 857,Talcahuano,Residencial,2018-02-03
CL-01432,Danitza Nora Avendaño Hernández,Natalie Pérez 989,Talcahuano,Residencial,2022-05-31
CL-01433,Luis Diego Toro Flores,Balmaceda 765 Dpto. 883,Talcahuano,Residencial,2018-04-15
CL-01434,Gael Luis Castillo Figueroa,Vicente Guerrero 4702 Of. 2774,Hualpén,Residencial,2019-05-17
CL-01435,Felipe Daniel Navarro Díaz,Calle Colo Colo 467,Concepción,Residencial,2012-06-21
CL-01436,Paola Díaz Espinoza,Av. Claudia Neira 432,Concepción,Residencial,2016-02-29
CL-01437,Tránsito Rodríguez Alvarado,Calle Los Abedules 62 Dpto. 726,Concepción,Residencial,2022-12-09
CL-01438,Camila Estrada,Calle Paul Arancibia 93 Piso 2,Chiguayante,Residencial,2024-07-18
CL-01439,Hilda Concha-Ossandón Meza,Avenida María Soto 701,Concepción,Comercial,2017-07-12
CL-01440,Dylan Cortés Rubilar,Avda. Patricia Vásquez 9471,Hualpén,Residencial,2018-04-30
CL-01441,Cristina Karina Molina Delgado,María Catalán 5515,San Pedro de la Paz,Residencial,2023-09-15
CL-01442,Teófilo Reyes Durán,Av. Juan Belmar 2999 Dpto. 83,Concepción,Residencial,2011-08-07
CL-01443,Emily Violeta Hidalgo Rojas,José de San Martín 3226,Hualpén,Residencial,2023-10-15
CL-01444,Carlos Francisco Muñoz Aránguiz,Los Lirios 233,Talcahuano,Residencial,2014-05-16
CL-01445,Emily Carrasco,Gustavo Muñoz 147 Piso 0,San Pedro de la Paz,Residencial,2013-08-30
CL-01446,Renato Maldonado Sobarzo,Calle Lautaro 9529 Piso 22,Concepción,Residencial,2018-10-03
CL-01447,María Nadia Carrasco Gutiérrez,Las Mosquetas 30,Hualpén,Residencial,2014-05-27
CL-01448,Rocío Valenzuela,Calle Las Margaritas 67 Of. 8263,Chiguayante,Residencial,2024-02-25
CL-01449,Cristina Molina García,Pascuala Astorga 120 Dpto. 7763,San Pedro de la Paz,Residencial,2018-01-03
CL-01450,Aníbal Juan Ramírez Ulloa,Calle Los Naranjos 2793,Hualpén,Comercial,2018-03-31
CL-01451,Juan Marco Avendaño Quispe,Maritza Donoso 598,Talcahuano,Residencial,2016-12-01
CL-01452,Alex Felipe Moraga Gutiérrez,Calle Las Manzanillas 609,Hualpén,Residencial,2019-11-01
CL-01453,Sebastián Vicente Inostroza Sánchez,Av. Las Rosas 33 Piso 46,San Pedro de la Paz,Residencial,2022-11-23
CL-01454,Esther Paula Hernández Parra,Avda. Edson Castro 321,Hualpén,Residencial,2014-08-24
CL-01455,Iris Cancino Pardo,Calle San Martín 3001,Concepción,Comercial,2015-12-22
CL-01456,Lorenzo Marcos Aliaga San Martín,Colo Colo 99 Of. 547,San Pedro de la Paz,Residencial,2020-06-20
CL-01457,Cristian Henríquez Aguilera,Gabriela Mistral 287,Hualpén,Residencial,2022-11-22
CL-01458,Juan López Pizarro,Calle Mauricio Navarrete 558,Hualpén,Comercial,2021-06-24
CL-01459,José Mauricio Valencia Leiva,Patricio Lynch 513,Concepción,Residencial,2013-11-04
CL-01460,Juliana Miranda,Balmaceda 99 Piso 6,Hualpén,Residencial,2013-04-20
CL-01461,Macarena Salazar Muñoz,Patricio Parra 4638 Dpto. 97,Talcahuano,Residencial,2018-10-15
CL-01462,Elena Catalina Alarcón Castro,Calle Paula Jaraquemada 226 Piso 6,Hualpén,Residencial,2024-09-29
CL-01463,Agustina Ruiz Alfaro,Calle Juan Mackenna 78,Concepción,Residencial,2017-07-05
CL-01464,Petronila Mansilla Gutiérrez,Los Aromos 66 Piso 65,Hualpén,Industrial,2025-02-03
CL-01465,César Concha,Calle Patricio González 9875,San Pedro de la Paz,Residencial,2011-08-08
CL-01466,Valentina Aguilera Zapata,Abraham Álvarez 6166 Piso 5,Concepción,Residencial,2019-02-28
CL-01467,Arnaldo Astorga González,Av. Erick Castro 89,San Pedro de la Paz,Residencial,2022-12-29
CL-01468,Carmela Campos Toledo,Calle Los Alerces 7868 Dpto. 883,Talcahuano,Residencial,2024-09-19
CL-01469,Catalina Laura Palacios Valenzuela,Los Cactus 7,San Pedro de la Paz,Comercial,2011-08-25
CL-01470,Mateo Molina,Av. Manuel Rodríguez 42,Chiguayante,Residencial,2024-05-13
CL-01471,Adrián Alexis Pérez Inostroza,Calle Lautaro 9089 Dpto. 209,Hualpén,Residencial,2024-06-21
CL-01472,Claudia Soledad Quinteros Campos,María Córdova 897 Of. 5723,Chiguayante,Residencial,2013-04-16
CL-01473,Alfonso González-Díaz Astudillo,Calle Los Carrera 145 Piso 73,San Pedro de la Paz,Residencial,2021-08-24
CL-01474,Marcia Hernández Miranda,Camino Los Cactus 573 Of. 905,Talcahuano,Residencial,2011-08-26
CL-01475,Patricia Pabla Peña Román,Alonso de Ercilla 54,Talcahuano,Residencial,2017-12-07
CL-01476,Jorge Luciano Castro Acosta,Av. Los Copihues 389,Hualpén,Residencial,2023-02-20
CL-01477,Maximiliano Serrano Hernández,Pedro Astorga 1342 Dpto. 8519,Chiguayante,Residencial,2019-04-26
CL-01478,Pedro Diego Toledo Aravena,Los Coihues 214 Of. 964,Chiguayante,Residencial,2021-07-19
CL-01479,María Aurora González Acevedo,Calle Lautaro 7958,Chiguayante,Residencial,2013-11-16
CL-01480,Jacqueline María Cerda Aracena,Calle Colo Colo 732 Dpto. 558,Talcahuano,Industrial,2018-04-24
CL-01481,Bárbara Núñez,Baquedano 23 Piso 3,Chiguayante,Residencial,2018-03-11
CL-01482,Aarón Eduard Mamani Fredes,Diego Barros Arana 215 Of. 917,Concepción,Residencial,2017-12-02
CL-01483,María Florencia Carrasco Rodríguez,Av. Bernardo Maturana 969 Of. 306,Talcahuano,Residencial,2021-12-29
CL-01484,Alex Cisterna Morales,Las Mandarinas 9717,Concepción,Residencial,2022-02-12
CL-01485,Margarita Cruz,Av. Francisco Ávila 606,Talcahuano,Residencial,2013-03-26
CL-01486,Valeria Ignacia Aravena Zúñiga,César Saavedra 884 Piso 59,Talcahuano,Comercial,2022-03-06
CL-01487,Wilfredo Huerta-González Figueroa,Los Digitales 953,Talcahuano,Residencial,2015-08-20
CL-01488,Benjamín Parra,Joaquín Salgado 83,Hualpén,Residencial,2016-01-03
CL-01489,Julia María Gallardo Quispe,Las Rosas 5908,Talcahuano,Residencial,2021-03-30
CL-01490,Noelia Domínguez-Araneda Álvarez,Atilio Solís 926 Dpto. 784,Talcahuano,Comercial,2018-04-08
CL-01491,Roberto Ignacio Almonacid Yáñez,Psje. Hernán Campos 3961,Concepción,Residencial,2018-08-05
CL-01492,Matías Catalán Guerrero,María Suazo 98,Talcahuano,Residencial,2016-12-30
CL-01493,Natalia Ana Ponce Gutiérrez,Pasaje Nelson Ortega 318,Concepción,Residencial,2011-07-22
CL-01494,Mateo Pérez Alarcón,Los Cactus 16,Concepción,Residencial,2019-12-22
CL-01495,Mayte Joselyn Gaete Espinoza,Calle Esmeralda 929,Hualpén,Residencial,2011-08-30
CL-01496,Valentín Luis López Alvarado,Pedro Aguirre Cerda 8864,Hualpén,Comercial,2024-03-29
CL-01497,Inés Abigail Quispe Gaete,Avda. María Leiva 996,Hualpén,Residencial,2013-08-03
CL-01498,Marta Barrientos Mansilla,Calle Raquel González 331,Talcahuano,Residencial,2012-03-18
CL-01499,Gabriel Almonacid Parada,Calle José Victorino Lastarria 157,Talcahuano,Residencial,2013-07-09
CL-01500,Juan Luis Abarca Rocha,Avenida Mauricio Hidalgo 538 Of. 1446,San Pedro de la Paz,Comercial,2023-07-18
